"year","iteration","sAg","ppnCUsLowerBM"
1,"1",27417,NA
1,"2",27417,NA
1,"3",27417,NA
1,"4",27417,NA
1,"5",27417,NA
1,"6",27417,NA
1,"7",27417,NA
1,"8",27417,NA
1,"9",27417,NA
1,"10",27417,NA
1,"11",27417,NA
1,"12",27417,NA
1,"13",27417,NA
1,"14",27417,NA
1,"15",27417,NA
1,"16",27417,NA
1,"17",27417,NA
1,"18",27417,NA
1,"19",27417,NA
1,"20",27417,NA
1,"21",27417,NA
1,"22",27417,NA
1,"23",27417,NA
1,"24",27417,NA
1,"25",27417,NA
1,"26",27417,NA
1,"27",27417,NA
1,"28",27417,NA
1,"29",27417,NA
1,"30",27417,NA
1,"31",27417,NA
1,"32",27417,NA
1,"33",27417,NA
1,"34",27417,NA
1,"35",27417,NA
1,"36",27417,NA
1,"37",27417,NA
1,"38",27417,NA
1,"39",27417,NA
1,"40",27417,NA
1,"41",27417,NA
1,"42",27417,NA
1,"43",27417,NA
1,"44",27417,NA
1,"45",27417,NA
1,"46",27417,NA
1,"47",27417,NA
1,"48",27417,NA
1,"49",27417,NA
1,"50",27417,NA
2,"1",23573,NA
2,"2",23573,NA
2,"3",23573,NA
2,"4",23573,NA
2,"5",23573,NA
2,"6",23573,NA
2,"7",23573,NA
2,"8",23573,NA
2,"9",23573,NA
2,"10",23573,NA
2,"11",23573,NA
2,"12",23573,NA
2,"13",23573,NA
2,"14",23573,NA
2,"15",23573,NA
2,"16",23573,NA
2,"17",23573,NA
2,"18",23573,NA
2,"19",23573,NA
2,"20",23573,NA
2,"21",23573,NA
2,"22",23573,NA
2,"23",23573,NA
2,"24",23573,NA
2,"25",23573,NA
2,"26",23573,NA
2,"27",23573,NA
2,"28",23573,NA
2,"29",23573,NA
2,"30",23573,NA
2,"31",23573,NA
2,"32",23573,NA
2,"33",23573,NA
2,"34",23573,NA
2,"35",23573,NA
2,"36",23573,NA
2,"37",23573,NA
2,"38",23573,NA
2,"39",23573,NA
2,"40",23573,NA
2,"41",23573,NA
2,"42",23573,NA
2,"43",23573,NA
2,"44",23573,NA
2,"45",23573,NA
2,"46",23573,NA
2,"47",23573,NA
2,"48",23573,NA
2,"49",23573,NA
2,"50",23573,NA
3,"1",22739,NA
3,"2",22739,NA
3,"3",22739,NA
3,"4",22739,NA
3,"5",22739,NA
3,"6",22739,NA
3,"7",22739,NA
3,"8",22739,NA
3,"9",22739,NA
3,"10",22739,NA
3,"11",22739,NA
3,"12",22739,NA
3,"13",22739,NA
3,"14",22739,NA
3,"15",22739,NA
3,"16",22739,NA
3,"17",22739,NA
3,"18",22739,NA
3,"19",22739,NA
3,"20",22739,NA
3,"21",22739,NA
3,"22",22739,NA
3,"23",22739,NA
3,"24",22739,NA
3,"25",22739,NA
3,"26",22739,NA
3,"27",22739,NA
3,"28",22739,NA
3,"29",22739,NA
3,"30",22739,NA
3,"31",22739,NA
3,"32",22739,NA
3,"33",22739,NA
3,"34",22739,NA
3,"35",22739,NA
3,"36",22739,NA
3,"37",22739,NA
3,"38",22739,NA
3,"39",22739,NA
3,"40",22739,NA
3,"41",22739,NA
3,"42",22739,NA
3,"43",22739,NA
3,"44",22739,NA
3,"45",22739,NA
3,"46",22739,NA
3,"47",22739,NA
3,"48",22739,NA
3,"49",22739,NA
3,"50",22739,NA
4,"1",61956,NA
4,"2",61956,NA
4,"3",61956,NA
4,"4",61956,NA
4,"5",61956,NA
4,"6",61956,NA
4,"7",61956,NA
4,"8",61956,NA
4,"9",61956,NA
4,"10",61956,NA
4,"11",61956,NA
4,"12",61956,NA
4,"13",61956,NA
4,"14",61956,NA
4,"15",61956,NA
4,"16",61956,NA
4,"17",61956,NA
4,"18",61956,NA
4,"19",61956,NA
4,"20",61956,NA
4,"21",61956,NA
4,"22",61956,NA
4,"23",61956,NA
4,"24",61956,NA
4,"25",61956,NA
4,"26",61956,NA
4,"27",61956,NA
4,"28",61956,NA
4,"29",61956,NA
4,"30",61956,NA
4,"31",61956,NA
4,"32",61956,NA
4,"33",61956,NA
4,"34",61956,NA
4,"35",61956,NA
4,"36",61956,NA
4,"37",61956,NA
4,"38",61956,NA
4,"39",61956,NA
4,"40",61956,NA
4,"41",61956,NA
4,"42",61956,NA
4,"43",61956,NA
4,"44",61956,NA
4,"45",61956,NA
4,"46",61956,NA
4,"47",61956,NA
4,"48",61956,NA
4,"49",61956,NA
4,"50",61956,NA
5,"1",56667,NA
5,"2",56667,NA
5,"3",56667,NA
5,"4",56667,NA
5,"5",56667,NA
5,"6",56667,NA
5,"7",56667,NA
5,"8",56667,NA
5,"9",56667,NA
5,"10",56667,NA
5,"11",56667,NA
5,"12",56667,NA
5,"13",56667,NA
5,"14",56667,NA
5,"15",56667,NA
5,"16",56667,NA
5,"17",56667,NA
5,"18",56667,NA
5,"19",56667,NA
5,"20",56667,NA
5,"21",56667,NA
5,"22",56667,NA
5,"23",56667,NA
5,"24",56667,NA
5,"25",56667,NA
5,"26",56667,NA
5,"27",56667,NA
5,"28",56667,NA
5,"29",56667,NA
5,"30",56667,NA
5,"31",56667,NA
5,"32",56667,NA
5,"33",56667,NA
5,"34",56667,NA
5,"35",56667,NA
5,"36",56667,NA
5,"37",56667,NA
5,"38",56667,NA
5,"39",56667,NA
5,"40",56667,NA
5,"41",56667,NA
5,"42",56667,NA
5,"43",56667,NA
5,"44",56667,NA
5,"45",56667,NA
5,"46",56667,NA
5,"47",56667,NA
5,"48",56667,NA
5,"49",56667,NA
5,"50",56667,NA
6,"1",21927,NA
6,"2",21927,NA
6,"3",21927,NA
6,"4",21927,NA
6,"5",21927,NA
6,"6",21927,NA
6,"7",21927,NA
6,"8",21927,NA
6,"9",21927,NA
6,"10",21927,NA
6,"11",21927,NA
6,"12",21927,NA
6,"13",21927,NA
6,"14",21927,NA
6,"15",21927,NA
6,"16",21927,NA
6,"17",21927,NA
6,"18",21927,NA
6,"19",21927,NA
6,"20",21927,NA
6,"21",21927,NA
6,"22",21927,NA
6,"23",21927,NA
6,"24",21927,NA
6,"25",21927,NA
6,"26",21927,NA
6,"27",21927,NA
6,"28",21927,NA
6,"29",21927,NA
6,"30",21927,NA
6,"31",21927,NA
6,"32",21927,NA
6,"33",21927,NA
6,"34",21927,NA
6,"35",21927,NA
6,"36",21927,NA
6,"37",21927,NA
6,"38",21927,NA
6,"39",21927,NA
6,"40",21927,NA
6,"41",21927,NA
6,"42",21927,NA
6,"43",21927,NA
6,"44",21927,NA
6,"45",21927,NA
6,"46",21927,NA
6,"47",21927,NA
6,"48",21927,NA
6,"49",21927,NA
6,"50",21927,NA
7,"1",41447,NA
7,"2",41447,NA
7,"3",41447,NA
7,"4",41447,NA
7,"5",41447,NA
7,"6",41447,NA
7,"7",41447,NA
7,"8",41447,NA
7,"9",41447,NA
7,"10",41447,NA
7,"11",41447,NA
7,"12",41447,NA
7,"13",41447,NA
7,"14",41447,NA
7,"15",41447,NA
7,"16",41447,NA
7,"17",41447,NA
7,"18",41447,NA
7,"19",41447,NA
7,"20",41447,NA
7,"21",41447,NA
7,"22",41447,NA
7,"23",41447,NA
7,"24",41447,NA
7,"25",41447,NA
7,"26",41447,NA
7,"27",41447,NA
7,"28",41447,NA
7,"29",41447,NA
7,"30",41447,NA
7,"31",41447,NA
7,"32",41447,NA
7,"33",41447,NA
7,"34",41447,NA
7,"35",41447,NA
7,"36",41447,NA
7,"37",41447,NA
7,"38",41447,NA
7,"39",41447,NA
7,"40",41447,NA
7,"41",41447,NA
7,"42",41447,NA
7,"43",41447,NA
7,"44",41447,NA
7,"45",41447,NA
7,"46",41447,NA
7,"47",41447,NA
7,"48",41447,NA
7,"49",41447,NA
7,"50",41447,NA
8,"1",13892,NA
8,"2",13892,NA
8,"3",13892,NA
8,"4",13892,NA
8,"5",13892,NA
8,"6",13892,NA
8,"7",13892,NA
8,"8",13892,NA
8,"9",13892,NA
8,"10",13892,NA
8,"11",13892,NA
8,"12",13892,NA
8,"13",13892,NA
8,"14",13892,NA
8,"15",13892,NA
8,"16",13892,NA
8,"17",13892,NA
8,"18",13892,NA
8,"19",13892,NA
8,"20",13892,NA
8,"21",13892,NA
8,"22",13892,NA
8,"23",13892,NA
8,"24",13892,NA
8,"25",13892,NA
8,"26",13892,NA
8,"27",13892,NA
8,"28",13892,NA
8,"29",13892,NA
8,"30",13892,NA
8,"31",13892,NA
8,"32",13892,NA
8,"33",13892,NA
8,"34",13892,NA
8,"35",13892,NA
8,"36",13892,NA
8,"37",13892,NA
8,"38",13892,NA
8,"39",13892,NA
8,"40",13892,NA
8,"41",13892,NA
8,"42",13892,NA
8,"43",13892,NA
8,"44",13892,NA
8,"45",13892,NA
8,"46",13892,NA
8,"47",13892,NA
8,"48",13892,NA
8,"49",13892,NA
8,"50",13892,NA
9,"1",9661,NA
9,"2",9661,NA
9,"3",9661,NA
9,"4",9661,NA
9,"5",9661,NA
9,"6",9661,NA
9,"7",9661,NA
9,"8",9661,NA
9,"9",9661,NA
9,"10",9661,NA
9,"11",9661,NA
9,"12",9661,NA
9,"13",9661,NA
9,"14",9661,NA
9,"15",9661,NA
9,"16",9661,NA
9,"17",9661,NA
9,"18",9661,NA
9,"19",9661,NA
9,"20",9661,NA
9,"21",9661,NA
9,"22",9661,NA
9,"23",9661,NA
9,"24",9661,NA
9,"25",9661,NA
9,"26",9661,NA
9,"27",9661,NA
9,"28",9661,NA
9,"29",9661,NA
9,"30",9661,NA
9,"31",9661,NA
9,"32",9661,NA
9,"33",9661,NA
9,"34",9661,NA
9,"35",9661,NA
9,"36",9661,NA
9,"37",9661,NA
9,"38",9661,NA
9,"39",9661,NA
9,"40",9661,NA
9,"41",9661,NA
9,"42",9661,NA
9,"43",9661,NA
9,"44",9661,NA
9,"45",9661,NA
9,"46",9661,NA
9,"47",9661,NA
9,"48",9661,NA
9,"49",9661,NA
9,"50",9661,NA
10,"1",59711,NA
10,"2",59711,NA
10,"3",59711,NA
10,"4",59711,NA
10,"5",59711,NA
10,"6",59711,NA
10,"7",59711,NA
10,"8",59711,NA
10,"9",59711,NA
10,"10",59711,NA
10,"11",59711,NA
10,"12",59711,NA
10,"13",59711,NA
10,"14",59711,NA
10,"15",59711,NA
10,"16",59711,NA
10,"17",59711,NA
10,"18",59711,NA
10,"19",59711,NA
10,"20",59711,NA
10,"21",59711,NA
10,"22",59711,NA
10,"23",59711,NA
10,"24",59711,NA
10,"25",59711,NA
10,"26",59711,NA
10,"27",59711,NA
10,"28",59711,NA
10,"29",59711,NA
10,"30",59711,NA
10,"31",59711,NA
10,"32",59711,NA
10,"33",59711,NA
10,"34",59711,NA
10,"35",59711,NA
10,"36",59711,NA
10,"37",59711,NA
10,"38",59711,NA
10,"39",59711,NA
10,"40",59711,NA
10,"41",59711,NA
10,"42",59711,NA
10,"43",59711,NA
10,"44",59711,NA
10,"45",59711,NA
10,"46",59711,NA
10,"47",59711,NA
10,"48",59711,NA
10,"49",59711,NA
10,"50",59711,NA
11,"1",16939,NA
11,"2",16939,NA
11,"3",16939,NA
11,"4",16939,NA
11,"5",16939,NA
11,"6",16939,NA
11,"7",16939,NA
11,"8",16939,NA
11,"9",16939,NA
11,"10",16939,NA
11,"11",16939,NA
11,"12",16939,NA
11,"13",16939,NA
11,"14",16939,NA
11,"15",16939,NA
11,"16",16939,NA
11,"17",16939,NA
11,"18",16939,NA
11,"19",16939,NA
11,"20",16939,NA
11,"21",16939,NA
11,"22",16939,NA
11,"23",16939,NA
11,"24",16939,NA
11,"25",16939,NA
11,"26",16939,NA
11,"27",16939,NA
11,"28",16939,NA
11,"29",16939,NA
11,"30",16939,NA
11,"31",16939,NA
11,"32",16939,NA
11,"33",16939,NA
11,"34",16939,NA
11,"35",16939,NA
11,"36",16939,NA
11,"37",16939,NA
11,"38",16939,NA
11,"39",16939,NA
11,"40",16939,NA
11,"41",16939,NA
11,"42",16939,NA
11,"43",16939,NA
11,"44",16939,NA
11,"45",16939,NA
11,"46",16939,NA
11,"47",16939,NA
11,"48",16939,NA
11,"49",16939,NA
11,"50",16939,NA
12,"1",22834,NA
12,"2",22834,NA
12,"3",22834,NA
12,"4",22834,NA
12,"5",22834,NA
12,"6",22834,NA
12,"7",22834,NA
12,"8",22834,NA
12,"9",22834,NA
12,"10",22834,NA
12,"11",22834,NA
12,"12",22834,NA
12,"13",22834,NA
12,"14",22834,NA
12,"15",22834,NA
12,"16",22834,NA
12,"17",22834,NA
12,"18",22834,NA
12,"19",22834,NA
12,"20",22834,NA
12,"21",22834,NA
12,"22",22834,NA
12,"23",22834,NA
12,"24",22834,NA
12,"25",22834,NA
12,"26",22834,NA
12,"27",22834,NA
12,"28",22834,NA
12,"29",22834,NA
12,"30",22834,NA
12,"31",22834,NA
12,"32",22834,NA
12,"33",22834,NA
12,"34",22834,NA
12,"35",22834,NA
12,"36",22834,NA
12,"37",22834,NA
12,"38",22834,NA
12,"39",22834,NA
12,"40",22834,NA
12,"41",22834,NA
12,"42",22834,NA
12,"43",22834,NA
12,"44",22834,NA
12,"45",22834,NA
12,"46",22834,NA
12,"47",22834,NA
12,"48",22834,NA
12,"49",22834,NA
12,"50",22834,NA
13,"1",40238,NA
13,"2",40238,NA
13,"3",40238,NA
13,"4",40238,NA
13,"5",40238,NA
13,"6",40238,NA
13,"7",40238,NA
13,"8",40238,NA
13,"9",40238,NA
13,"10",40238,NA
13,"11",40238,NA
13,"12",40238,NA
13,"13",40238,NA
13,"14",40238,NA
13,"15",40238,NA
13,"16",40238,NA
13,"17",40238,NA
13,"18",40238,NA
13,"19",40238,NA
13,"20",40238,NA
13,"21",40238,NA
13,"22",40238,NA
13,"23",40238,NA
13,"24",40238,NA
13,"25",40238,NA
13,"26",40238,NA
13,"27",40238,NA
13,"28",40238,NA
13,"29",40238,NA
13,"30",40238,NA
13,"31",40238,NA
13,"32",40238,NA
13,"33",40238,NA
13,"34",40238,NA
13,"35",40238,NA
13,"36",40238,NA
13,"37",40238,NA
13,"38",40238,NA
13,"39",40238,NA
13,"40",40238,NA
13,"41",40238,NA
13,"42",40238,NA
13,"43",40238,NA
13,"44",40238,NA
13,"45",40238,NA
13,"46",40238,NA
13,"47",40238,NA
13,"48",40238,NA
13,"49",40238,NA
13,"50",40238,NA
14,"1",27972,NA
14,"2",27972,NA
14,"3",27972,NA
14,"4",27972,NA
14,"5",27972,NA
14,"6",27972,NA
14,"7",27972,NA
14,"8",27972,NA
14,"9",27972,NA
14,"10",27972,NA
14,"11",27972,NA
14,"12",27972,NA
14,"13",27972,NA
14,"14",27972,NA
14,"15",27972,NA
14,"16",27972,NA
14,"17",27972,NA
14,"18",27972,NA
14,"19",27972,NA
14,"20",27972,NA
14,"21",27972,NA
14,"22",27972,NA
14,"23",27972,NA
14,"24",27972,NA
14,"25",27972,NA
14,"26",27972,NA
14,"27",27972,NA
14,"28",27972,NA
14,"29",27972,NA
14,"30",27972,NA
14,"31",27972,NA
14,"32",27972,NA
14,"33",27972,NA
14,"34",27972,NA
14,"35",27972,NA
14,"36",27972,NA
14,"37",27972,NA
14,"38",27972,NA
14,"39",27972,NA
14,"40",27972,NA
14,"41",27972,NA
14,"42",27972,NA
14,"43",27972,NA
14,"44",27972,NA
14,"45",27972,NA
14,"46",27972,NA
14,"47",27972,NA
14,"48",27972,NA
14,"49",27972,NA
14,"50",27972,NA
15,"1",57180,NA
15,"2",57180,NA
15,"3",57180,NA
15,"4",57180,NA
15,"5",57180,NA
15,"6",57180,NA
15,"7",57180,NA
15,"8",57180,NA
15,"9",57180,NA
15,"10",57180,NA
15,"11",57180,NA
15,"12",57180,NA
15,"13",57180,NA
15,"14",57180,NA
15,"15",57180,NA
15,"16",57180,NA
15,"17",57180,NA
15,"18",57180,NA
15,"19",57180,NA
15,"20",57180,NA
15,"21",57180,NA
15,"22",57180,NA
15,"23",57180,NA
15,"24",57180,NA
15,"25",57180,NA
15,"26",57180,NA
15,"27",57180,NA
15,"28",57180,NA
15,"29",57180,NA
15,"30",57180,NA
15,"31",57180,NA
15,"32",57180,NA
15,"33",57180,NA
15,"34",57180,NA
15,"35",57180,NA
15,"36",57180,NA
15,"37",57180,NA
15,"38",57180,NA
15,"39",57180,NA
15,"40",57180,NA
15,"41",57180,NA
15,"42",57180,NA
15,"43",57180,NA
15,"44",57180,NA
15,"45",57180,NA
15,"46",57180,NA
15,"47",57180,NA
15,"48",57180,NA
15,"49",57180,NA
15,"50",57180,NA
16,"1",58313,NA
16,"2",58313,NA
16,"3",58313,NA
16,"4",58313,NA
16,"5",58313,NA
16,"6",58313,NA
16,"7",58313,NA
16,"8",58313,NA
16,"9",58313,NA
16,"10",58313,NA
16,"11",58313,NA
16,"12",58313,NA
16,"13",58313,NA
16,"14",58313,NA
16,"15",58313,NA
16,"16",58313,NA
16,"17",58313,NA
16,"18",58313,NA
16,"19",58313,NA
16,"20",58313,NA
16,"21",58313,NA
16,"22",58313,NA
16,"23",58313,NA
16,"24",58313,NA
16,"25",58313,NA
16,"26",58313,NA
16,"27",58313,NA
16,"28",58313,NA
16,"29",58313,NA
16,"30",58313,NA
16,"31",58313,NA
16,"32",58313,NA
16,"33",58313,NA
16,"34",58313,NA
16,"35",58313,NA
16,"36",58313,NA
16,"37",58313,NA
16,"38",58313,NA
16,"39",58313,NA
16,"40",58313,NA
16,"41",58313,NA
16,"42",58313,NA
16,"43",58313,NA
16,"44",58313,NA
16,"45",58313,NA
16,"46",58313,NA
16,"47",58313,NA
16,"48",58313,NA
16,"49",58313,NA
16,"50",58313,NA
17,"1",19090,NA
17,"2",19090,NA
17,"3",19090,NA
17,"4",19090,NA
17,"5",19090,NA
17,"6",19090,NA
17,"7",19090,NA
17,"8",19090,NA
17,"9",19090,NA
17,"10",19090,NA
17,"11",19090,NA
17,"12",19090,NA
17,"13",19090,NA
17,"14",19090,NA
17,"15",19090,NA
17,"16",19090,NA
17,"17",19090,NA
17,"18",19090,NA
17,"19",19090,NA
17,"20",19090,NA
17,"21",19090,NA
17,"22",19090,NA
17,"23",19090,NA
17,"24",19090,NA
17,"25",19090,NA
17,"26",19090,NA
17,"27",19090,NA
17,"28",19090,NA
17,"29",19090,NA
17,"30",19090,NA
17,"31",19090,NA
17,"32",19090,NA
17,"33",19090,NA
17,"34",19090,NA
17,"35",19090,NA
17,"36",19090,NA
17,"37",19090,NA
17,"38",19090,NA
17,"39",19090,NA
17,"40",19090,NA
17,"41",19090,NA
17,"42",19090,NA
17,"43",19090,NA
17,"44",19090,NA
17,"45",19090,NA
17,"46",19090,NA
17,"47",19090,NA
17,"48",19090,NA
17,"49",19090,NA
17,"50",19090,NA
18,"1",11758.5710168097,0.8
18,"2",12666.6443029589,0.8
18,"3",11793.4406108433,0.8
18,"4",12950.8232042517,0.8
18,"5",11715.6530686971,0.8
18,"6",12461.7899806813,0.8
18,"7",13199.4545503333,0.8
18,"8",12535.1953034511,0.8
18,"9",13144.0991789458,0.8
18,"10",13166.7553688116,0.8
18,"11",12601.7139095022,0.8
18,"12",12671.3515221275,0.8
18,"13",12231.3249031107,0.8
18,"14",12451.4612166525,0.8
18,"15",13315.3549619469,0.8
18,"16",10993.68600763,0.8
18,"17",12044.5506842831,0.8
18,"18",12239.1448756545,0.8
18,"19",11224.1302498544,0.8
18,"20",13491.251624386,0.8
18,"21",11189.9567607806,0.8
18,"22",11405.6153679762,0.8
18,"23",13120.4069393235,0.8
18,"24",12882.160711101,0.8
18,"25",12397.7433594758,0.8
18,"26",10720.7160848098,0.8
18,"27",13177.8431510477,0.8
18,"28",13399.1754130688,0.8
18,"29",11586.1972220557,0.8
18,"30",12337.5446581055,0.8
18,"31",12053.4622798083,0.8
18,"32",11983.2638029611,0.8
18,"33",13318.3509089223,0.8
18,"34",12738.2109742582,0.8
18,"35",12585.7274522097,0.8
18,"36",12447.4874524173,0.8
18,"37",12475.4340877647,0.8
18,"38",10920.6356074859,0.8
18,"39",13086.6434786976,0.8
18,"40",13250.6445884255,0.8
18,"41",11804.2635512687,0.8
18,"42",12571.3868435904,0.8
18,"43",12817.9456521514,0.8
18,"44",12782.6515365537,0.8
18,"45",11369.0352486721,0.8
18,"46",13093.7242590979,0.8
18,"47",11842.0413815514,0.8
18,"48",10250.4642850026,0.8
18,"49",13161.0973374674,0.8
18,"50",12065.6387857529,0.8
19,"1",47597.2397003416,0.8
19,"2",49105.0274486693,0.8
19,"3",61298.7030050564,0.8
19,"4",59505.6804787747,0.8
19,"5",56421.8617720747,0.8
19,"6",58007.2454635565,0.8
19,"7",59802.534084497,0.8
19,"8",55395.8663478714,0.8
19,"9",53485.1980522185,0.8
19,"10",55964.4876962571,0.8
19,"11",57259.1310123773,0.8
19,"12",59788.4792626102,0.8
19,"13",53584.1910625548,0.8
19,"14",59518.7192911322,0.8
19,"15",48357.7177226517,0.8
19,"16",57431.9162186599,0.8
19,"17",54893.1976801846,0.8
19,"18",56189.4631396722,0.8
19,"19",59965.9574615373,0.8
19,"20",56572.2755093832,0.8
19,"21",52055.6332452947,0.8
19,"22",56412.0291248964,0.8
19,"23",57565.0859742992,0.8
19,"24",60047.8859926589,0.8
19,"25",55129.4839669606,0.8
19,"26",52114.0551249958,0.8
19,"27",60178.6303917704,0.8
19,"28",53071.3748710586,0.8
19,"29",54321.4622635798,0.8
19,"30",58220.3673229822,0.8
19,"31",53360.776307836,0.8
19,"32",54981.790765684,0.8
19,"33",55713.5322911702,0.8
19,"34",57531.5501454935,0.8
19,"35",53560.8922759341,0.8
19,"36",55385.8172386665,0.8
19,"37",56777.4229973989,0.8
19,"38",60460.8006096676,0.8
19,"39",55417.186255695,0.8
19,"40",56844.2107177827,0.8
19,"41",56568.0530556087,0.8
19,"42",56020.9741787128,0.8
19,"43",52843.3209125266,0.8
19,"44",52513.4080795146,0.8
19,"45",54612.0063790023,0.8
19,"46",57931.0023831219,0.8
19,"47",51869.8235753247,0.8
19,"48",53000.2287474516,0.8
19,"49",56019.981472062,0.8
19,"50",58431.2976262739,0.8
20,"1",21299.9449741729,0.8
20,"2",22727.5325933467,0.8
20,"3",21186.65031605,0.8
20,"4",22533.7306070867,0.8
20,"5",24129.5618480533,0.8
20,"6",17709.4374827018,0.8
20,"7",21989.1279715204,0.8
20,"8",23853.0745715295,0.8
20,"9",21298.9215278321,0.8
20,"10",22044.8155898735,0.8
20,"11",23042.032554774,0.8
20,"12",20879.2856543331,0.8
20,"13",22401.1858406392,0.8
20,"14",24538.4934985112,0.8
20,"15",24250.2096688553,0.8
20,"16",23148.1882755837,0.8
20,"17",24578.3727977776,0.8
20,"18",25533.0645376797,0.8
20,"19",22210.6752625099,0.8
20,"20",23748.5075512997,0.8
20,"21",23870.9501390906,0.8
20,"22",23855.7832224493,0.8
20,"23",24792.256896645,0.8
20,"24",22443.8942860449,0.8
20,"25",25580.5825864043,0.8
20,"26",24819.7867440008,0.8
20,"27",21809.3995577975,0.8
20,"28",23277.4453200073,0.8
20,"29",22139.3892542967,0.8
20,"30",24918.5820418691,0.8
20,"31",22021.2959410621,0.8
20,"32",24116.3129532481,0.8
20,"33",21172.217393342,0.8
20,"34",24035.1012296761,0.8
20,"35",25156.4258840462,0.8
20,"36",25499.6753809916,1
20,"37",24954.708886127,0.8
20,"38",24074.5756866479,0.8
20,"39",23920.4545104264,0.8
20,"40",23947.671464417,0.8
20,"41",25127.8076625254,0.8
20,"42",23447.9181727179,0.8
20,"43",21715.9675470686,0.8
20,"44",22374.3595661784,0.8
20,"45",22755.8804350765,0.8
20,"46",25711.4825772512,1
20,"47",25663.388159667,0.8
20,"48",23147.8652986011,0.8
20,"49",21159.7033130494,0.8
20,"50",22723.4463945742,0.8
21,"1",17189.0434922158,1
21,"2",23412.8245999685,1
21,"3",21886.9334213405,1
21,"4",17506.8179444651,1
21,"5",20239.1847443103,1
21,"6",17412.2319999206,1
21,"7",19715.0316517027,1
21,"8",15713.3098612129,1
21,"9",16934.439738448,1
21,"10",20523.7491455478,1
21,"11",26335.3796513051,1
21,"12",30914.9285674754,1
21,"13",20456.4664965294,1
21,"14",24742.8947658186,1
21,"15",18042.2947059094,1
21,"16",27300.6989426289,1
21,"17",21660.2065472962,1
21,"18",25883.3528937743,1
21,"19",17447.4042323054,1
21,"20",22757.5764342199,1
21,"21",16645.0669437005,1
21,"22",26736.4553281206,1
21,"23",24067.7716255746,1
21,"24",47687.463030251,1
21,"25",17966.3903761667,1
21,"26",22246.4014531687,0.8
21,"27",15933.9963814406,1
21,"28",22800.171197734,1
21,"29",14918.1453761553,1
21,"30",22719.224569436,1
21,"31",21421.5490600566,1
21,"32",22383.4938312508,1
21,"33",34435.6659997655,1
21,"34",19291.388484461,1
21,"35",31237.2034285127,1
21,"36",21864.4788983801,1
21,"37",18703.9333569394,1
21,"38",30804.4337951659,1
21,"39",24776.5785512299,1
21,"40",17254.5148710933,1
21,"41",37727.6453205533,1
21,"42",18667.7635881228,1
21,"43",20115.6091072187,1
21,"44",15912.1420955644,1
21,"45",34299.0242316701,1
21,"46",31551.7733442066,1
21,"47",26080.0707953948,1
21,"48",20514.4763671288,1
21,"49",24598.2669178875,1
21,"50",26015.8824124021,1
22,"1",10341.1557334486,0.8
22,"2",6057.01436275355,0.4
22,"3",6570.04496552955,0.8
22,"4",9763.74678889365,0.6
22,"5",6446.77620470303,0.6
22,"6",8409.58505038137,0.6
22,"7",5587.0394956547,0.8
22,"8",10879.8384704497,0.8
22,"9",2959.08804038945,0.6
22,"10",10738.8755180318,0.4
22,"11",8351.52183519994,0.4
22,"12",9258.54084069276,0.4
22,"13",6726.71977774068,0.6
22,"14",3764.76743576197,0.6
22,"15",15692.6037415359,0.4
22,"16",6500.71231806102,0.6
22,"17",15055.3854954524,0.8
22,"18",3222.46420630079,0.6
22,"19",6080.61485448812,0.6
22,"20",8586.63926942886,0.8
22,"21",12011.1144620302,0.8
22,"22",3238.73188547875,0.4
22,"23",8449.95097237052,0.4
22,"24",12215.2880199279,0.6
22,"25",8548.73524655892,0.6
22,"26",16061.9416587852,0.6
22,"27",21979.1123034438,0.8
22,"28",9505.27567104129,0.4
22,"29",7076.17238938198,1
22,"30",9016.52435278891,0.8
22,"31",9010.62349733737,0.6
22,"32",4552.05921773004,0.4
22,"33",19250.7000350082,0.8
22,"34",2736.3825425088,0.2
22,"35",7549.85752884267,0.6
22,"36",6077.03656107707,0.4
22,"37",2918.37388802077,0.2
22,"38",4504.32464402093,0.6
22,"39",3259.47109752704,0.4
22,"40",10822.665098296,0.6
22,"41",12501.1628259537,0.4
22,"42",12451.6187625331,0.8
22,"43",6000.75407407917,0.4
22,"44",11111.664552001,0.8
22,"45",3585.09867275945,0.4
22,"46",1402.43716225437,0.2
22,"47",2566.24847838409,0.4
22,"48",3642.78590610843,0.6
22,"49",5468.8675540057,0.6
22,"50",7889.13861056765,0.4
23,"1",7580.19286228727,0.4
23,"2",11518.2050840638,0.8
23,"3",22329.5132555537,0.8
23,"4",33498.8666523578,0.8
23,"5",7683.20615381122,0.8
23,"6",35133.9818811205,0.8
23,"7",18130.6283634285,0.8
23,"8",6774.50271102691,0.8
23,"9",9467.57426138852,0.6
23,"10",16326.5851472899,0.6
23,"11",31371.814288588,0.8
23,"12",30313.6912677206,0.8
23,"13",5559.8766001651,0.6
23,"14",5897.20333928328,0.8
23,"15",19056.3269084468,0.8
23,"16",10050.8631891785,0.8
23,"17",10372.7171914725,0.6
23,"18",13662.4075071282,0.8
23,"19",9897.38768833218,0.8
23,"20",30317.5275341064,0.8
23,"21",11028.3625078369,0.8
23,"22",7452.16041266831,0.6
23,"23",3170.19377012026,0.4
23,"24",9836.27242073775,0.8
23,"25",4307.7108253289,0.4
23,"26",13167.6616796683,0.8
23,"27",16433.3667037599,0.8
23,"28",7234.51139004658,0.8
23,"29",5498.34716747438,0.6
23,"30",1408.87154348292,0.2
23,"31",34129.5733534212,0.8
23,"32",27425.8657082735,0.8
23,"33",8719.45804553717,0.8
23,"34",14396.5084321841,0.8
23,"35",14454.4993265698,0.8
23,"36",14900.7911692156,0.8
23,"37",27138.4213031893,0.8
23,"38",12323.8041166995,0.8
23,"39",19005.2611920963,0.6
23,"40",21049.4701403966,0.6
23,"41",23992.8757461256,0.8
23,"42",11334.8198265762,0.8
23,"43",15701.1557011376,0.8
23,"44",15839.3458932162,0.8
23,"45",20646.194252318,0.8
23,"46",11963.4983013134,0.6
23,"47",17531.9267496847,0.6
23,"48",2968.15749921024,0.6
23,"49",8133.75611624891,0.8
23,"50",8430.51003097457,0.8
24,"1",11675.9430280567,0.8
24,"2",16523.2056988298,0.8
24,"3",18235.5287108596,0.8
24,"4",24437.1108923819,0.8
24,"5",26988.9055772894,0.8
24,"6",16559.0300031034,0.8
24,"7",18957.6468022245,0.8
24,"8",5697.03631090461,0.8
24,"9",6259.19149205497,0.6
24,"10",11518.5756500862,0.8
24,"11",14484.4085650213,0.8
24,"12",15530.643032365,0.8
24,"13",8278.10460475541,0.6
24,"14",35751.8846959377,0.8
24,"15",18821.4143371396,1
24,"16",12642.0490352199,0.8
24,"17",37800.0413923124,0.8
24,"18",10077.5796640542,0.8
24,"19",15794.889022463,0.8
24,"20",26575.9965987511,1
24,"21",15314.2537571322,1
24,"22",36546.0298253399,0.8
24,"23",11619.8049129361,0.8
24,"24",12582.3431615538,0.6
24,"25",21056.8661878387,0.8
24,"26",16887.3458780491,0.8
24,"27",6647.06446504573,0.8
24,"28",28274.2166673904,0.8
24,"29",21020.8018636897,0.8
24,"30",28197.7962879974,0.8
24,"31",28477.1808281591,1
24,"32",17910.6937187194,1
24,"33",14143.3998471166,0.8
24,"34",22708.3241663196,0.8
24,"35",19839.671194612,0.6
24,"36",14831.1918289901,1
24,"37",9854.22858750539,0.8
24,"38",19931.5041569261,0.8
24,"39",27580.751165497,0.8
24,"40",10571.8055923883,0.8
24,"41",14483.2913485996,0.6
24,"42",16832.601896153,0.8
24,"43",45334.4137080707,1
24,"44",24837.9447164174,0.8
24,"45",12801.5550487882,0.8
24,"46",17831.1974834903,0.8
24,"47",13648.1040825544,0.6
24,"48",31149.9553945406,0.8
24,"49",18031.5229160895,0.8
24,"50",11438.6842600777,0.8
25,"1",21871.4333004097,0.8
25,"2",21182.4209923639,0.8
25,"3",10748.7884928395,0.8
25,"4",24389.5829448615,0.8
25,"5",21535.9510563483,0.6
25,"6",16569.836137761,1
25,"7",30547.9909384733,0.8
25,"8",31477.6348183158,1
25,"9",28687.5716675931,0.8
25,"10",13079.8965302753,0.8
25,"11",8278.980324019,0.8
25,"12",14547.9523489402,0.8
25,"13",26433.6013108665,0.8
25,"14",8230.45393761203,0.8
25,"15",9996.7385812312,0.4
25,"16",30330.067666788,0.6
25,"17",8530.61501513448,1
25,"18",19383.2547666693,0.8
25,"19",14826.3542016727,0.8
25,"20",9449.55469411823,1
25,"21",26020.4290746222,1
25,"22",8024.2046011746,0.6
25,"23",13774.4978673238,0.8
25,"24",10407.6745748521,0.8
25,"25",11781.1223873739,0.8
25,"26",26776.5185136018,0.8
25,"27",47967.5346429114,1
25,"28",11177.9354704223,0.8
25,"29",30200.2913320923,1
25,"30",8896.65352531156,1
25,"31",55832.9217053608,0.8
25,"32",15189.9266811987,1
25,"33",22392.4141335882,0.8
25,"34",18991.5434367817,0.8
25,"35",5643.98116991846,0.8
25,"36",6698.52564579426,0.8
25,"37",34851.4379232355,0.8
25,"38",13578.0539639995,1
25,"39",16552.1848431594,0.4
25,"40",10851.8215654265,0.8
25,"41",13902.3315087399,0.8
25,"42",17566.4125672842,0.8
25,"43",11373.6943825793,1
25,"44",35774.6202107548,0.8
25,"45",35390.0477464371,0.8
25,"46",8674.58916710739,0.8
25,"47",11917.1335645784,0.8
25,"48",13337.3782856809,0.6
25,"49",15472.6068789029,0.8
25,"50",31342.589037639,0.8
26,"1",10250.8736798467,0.8
26,"2",7575.10666246589,0.8
26,"3",14829.6722507896,0.6
26,"4",18212.05410196,0.6
26,"5",18453.4932180373,0.8
26,"6",9232.5458039332,0.8
26,"7",18097.1195511239,0.8
26,"8",17454.8556453838,0.8
26,"9",11892.0170263895,0.8
26,"10",7792.16280141445,0.8
26,"11",25617.6997248357,0.8
26,"12",15317.404176018,0.8
26,"13",14929.2040979621,0.8
26,"14",29308.3407843644,0.8
26,"15",12728.1052307043,0.8
26,"16",23137.2561565693,0.8
26,"17",20921.0146473978,0.8
26,"18",18032.0257478552,0.8
26,"19",21267.4818898247,0.8
26,"20",19512.7225357984,1
26,"21",11455.1941014694,0.8
26,"22",20935.9867776084,0.8
26,"23",6431.19897907432,0.6
26,"24",13122.5382644997,0.8
26,"25",26147.1050377252,0.8
26,"26",33104.8818819016,0.8
26,"27",17609.4076067508,0.8
26,"28",10151.3627843159,0.8
26,"29",11678.313311327,0.8
26,"30",9060.71449437608,0.8
26,"31",7272.03918139975,0.6
26,"32",17597.5355525604,0.8
26,"33",23711.7124744314,0.8
26,"34",6286.33732837382,0.8
26,"35",10880.3175104766,0.8
26,"36",34856.7042089556,0.8
26,"37",29572.6147667383,0.8
26,"38",6665.71335846974,0.8
26,"39",11314.2500536781,0.8
26,"40",19978.2400771644,0.8
26,"41",14473.8622203801,0.8
26,"42",19710.2924239078,0.8
26,"43",7730.63858660338,0.8
26,"44",18319.0396218695,0.8
26,"45",6355.75076878337,0.8
26,"46",16826.4908203422,0.8
26,"47",13425.6356732741,0.8
26,"48",31964.5895984889,0.8
26,"49",11024.610582153,0.8
26,"50",11557.7948135335,0.8
27,"1",12529.5107416548,0.8
27,"2",21071.0131307514,0.8
27,"3",13994.4011160618,0.8
27,"4",6182.99328904443,1
27,"5",13339.2108527993,0.8
27,"6",7652.24626345033,0.8
27,"7",5503.67689695523,0.8
27,"8",16505.0974158252,0.8
27,"9",19620.8359720798,1
27,"10",24448.8559240719,0.6
27,"11",23865.1904385267,0.8
27,"12",18920.9071732831,1
27,"13",19234.6526698754,0.6
27,"14",18824.8572799444,0.8
27,"15",19386.8394626536,1
27,"16",25784.3194698683,0.8
27,"17",7392.47361908046,0.8
27,"18",52308.5859800967,0.8
27,"19",26004.5721093584,0.8
27,"20",15484.8883255169,1
27,"21",22766.5413739875,1
27,"22",12711.0040077332,0.6
27,"23",15195.9857199857,0.8
27,"24",12715.5694552762,1
27,"25",13698.9207246533,0.6
27,"26",12959.1016967582,0.8
27,"27",18584.0506730976,0.8
27,"28",17663.3355137715,1
27,"29",9422.03265335487,1
27,"30",13088.603886682,0.6
27,"31",9743.04023472396,0.8
27,"32",5880.1291982053,0.6
27,"33",11498.2542015193,0.8
27,"34",15850.6072195843,0.8
27,"35",16148.0700591617,0.8
27,"36",11618.662308906,1
27,"37",16725.592652332,1
27,"38",24228.4032619934,1
27,"39",7149.85717511952,0.8
27,"40",8444.47922128796,0.8
27,"41",16667.2036045178,0.8
27,"42",26778.0459767214,0.8
27,"43",18144.5031998601,1
27,"44",15620.8119757071,0.8
27,"45",7780.80490830396,0.8
27,"46",36913.1655209806,0.8
27,"47",24311.6594886281,0.6
27,"48",6327.61464790569,0.6
27,"49",16138.932300898,0.8
27,"50",20313.0816087349,1
28,"1",15523.5155245294,0.8
28,"2",24246.0033558994,0.8
28,"3",22561.4649132296,0.8
28,"4",5963.02649990574,1
28,"5",16177.6577903967,0.8
28,"6",41331.300762222,1
28,"7",23636.098605424,1
28,"8",17289.792856331,1
28,"9",23913.221098979,1
28,"10",9173.06169359159,0.8
28,"11",17109.3308310259,0.8
28,"12",11485.7978826057,1
28,"13",13470.3359967462,0.8
28,"14",15371.3524520876,0.8
28,"15",18914.6507091431,1
28,"16",17316.7585616714,0.8
28,"17",25425.2069678211,1
28,"18",12095.8240135756,1
28,"19",31289.3639424111,1
28,"20",5261.54534421308,0.6
28,"21",12171.4624878418,1
28,"22",8783.21266119905,0.8
28,"23",17777.4415392421,0.8
28,"24",3288.26267114509,0.4
28,"25",28924.9348717812,0.8
28,"26",16265.8021676247,0.8
28,"27",4704.06401816524,0.6
28,"28",23348.1323659524,0.8
28,"29",20422.4060539562,1
28,"30",5893.13775686819,0.6
28,"31",13446.2357019102,0.6
28,"32",42060.0513390277,1
28,"33",17761.835413131,0.8
28,"34",15563.7805020204,0.8
28,"35",21068.9891929001,0.8
28,"36",15280.4256873835,0.8
28,"37",5143.65707753938,0.8
28,"38",20445.2361194708,0.8
28,"39",18164.1261275523,0.8
28,"40",27548.5569308042,0.8
28,"41",16058.5084515958,1
28,"42",14794.5637754645,0.6
28,"43",8536.32449541886,1
28,"44",16002.2354654052,0.6
28,"45",18880.7045089605,1
28,"46",14624.4932669123,0.8
28,"47",15457.7312725928,1
28,"48",4891.27261602851,0.6
28,"49",27586.7112706122,0.8
28,"50",10994.4130382902,1
29,"1",7505.61583386914,0.8
29,"2",16999.2670312219,0.8
29,"3",12106.1850516319,0.8
29,"4",12075.3894739294,0.8
29,"5",17334.7726492231,0.8
29,"6",19168.3807062318,0.8
29,"7",13852.0086978772,0.8
29,"8",12174.0932037789,0.8
29,"9",18779.1667035999,0.8
29,"10",10659.5639701442,0.8
29,"11",16498.5961153714,0.8
29,"12",20069.4470048263,0.8
29,"13",12960.6665549667,0.8
29,"14",8922.60273804802,0.8
29,"15",12915.3982949685,0.8
29,"16",9405.61487103857,0.8
29,"17",20966.1953970533,0.8
29,"18",14248.6387342308,0.6
29,"19",3697.75916004998,0.4
29,"20",18368.2605892313,1
29,"21",27774.5653019623,0.8
29,"22",41206.4267657865,0.8
29,"23",31215.0029981706,0.8
29,"24",20305.4054989228,0.8
29,"25",19030.9728163553,0.8
29,"26",13369.7480449635,0.6
29,"27",17136.2951718161,1
29,"28",7622.06708629836,0.8
29,"29",23575.6676673936,1
29,"30",33607.2705495554,1
29,"31",11357.5936841911,0.8
29,"32",11094.0960320969,1
29,"33",20762.1090834384,0.8
29,"34",19519.7034865754,0.8
29,"35",18531.5692492536,0.8
29,"36",10015.2711148757,0.8
29,"37",12381.3817804309,0.8
29,"38",8628.60486103794,0.8
29,"39",27450.4646350249,0.8
29,"40",15685.8175456314,0.8
29,"41",14540.5699141985,0.8
29,"42",19072.9367383961,0.8
29,"43",35458.9410147616,1
29,"44",16257.6356987958,0.8
29,"45",6717.84199887032,0.8
29,"46",53061.6623424499,0.8
29,"47",20176.0691305923,0.8
29,"48",15648.0473446506,0.8
29,"49",28980.3468088699,0.8
29,"50",26102.9161904702,1
30,"1",12051.6373349558,0.8
30,"2",23450.4056214403,0.8
30,"3",47640.5179330002,0.8
30,"4",9707.69944753623,1
30,"5",27740.2841739582,0.8
30,"6",6598.55279467401,1
30,"7",5317.99212188344,0.8
30,"8",24536.0114426253,1
30,"9",25855.4487436324,1
30,"10",9290.25157752353,1
30,"11",11991.1605097639,0.8
30,"12",23706.271151901,1
30,"13",11429.6144603079,1
30,"14",5664.36863408761,0.8
30,"15",16644.8076338015,1
30,"16",39356.0581042789,0.8
30,"17",18206.7640437947,0.8
30,"18",15564.9108341693,0.6
30,"19",20388.2576153437,1
30,"20",18727.5134507779,1
30,"21",7635.18763430531,1
30,"22",19888.5113036376,1
30,"23",9642.49784495856,0.6
30,"24",14652.0401070349,0.8
30,"25",4949.92224110801,0.4
30,"26",10991.7831904422,1
30,"27",24172.2136364904,0.8
30,"28",20956.4039188273,1
30,"29",16886.6911741644,1
30,"30",21783.7723309055,1
30,"31",31356.4808617256,1
30,"32",9577.2977476621,0.8
30,"33",41152.2822190776,0.8
30,"34",38309.1638648915,0.8
30,"35",13519.7605990232,0.8
30,"36",17342.0328138327,1
30,"37",14334.4807132326,1
30,"38",38298.9739933126,1
30,"39",16497.0299917184,0.4
30,"40",9373.51877354712,0.8
30,"41",28760.3745752425,1
30,"42",13111.016827053,0.8
30,"43",19030.2678891064,1
30,"44",23416.8358792556,1
30,"45",19821.5658054612,1
30,"46",12258.7601396382,0.8
30,"47",15154.9026778926,1
30,"48",8649.00316669986,0.8
30,"49",13829.5679813279,1
30,"50",9240.51499866458,0.8
31,"1",8162.66927623755,0.8
31,"2",21073.1255633117,1
31,"3",29951.558917006,1
31,"4",13945.3190347842,1
31,"5",16047.3255912992,1
31,"6",3955.25175621284,0.8
31,"7",58491.1125210051,1
31,"8",16781.7017948989,1
31,"9",20769.4098787883,1
31,"10",8764.40564904979,0.6
31,"11",9300.14688494788,0.6
31,"12",19549.3006617891,1
31,"13",11473.2047088022,0.8
31,"14",13877.9271850943,1
31,"15",18561.3449738208,1
31,"16",9812.88034649831,0.6
31,"17",13869.5090302447,1
31,"18",27678.1529493164,1
31,"19",17251.5441226262,0.8
31,"20",7693.48474368806,1
31,"21",34193.3914801166,1
31,"22",14929.0661928336,0.8
31,"23",9526.55304979343,0.8
31,"24",9522.06812569275,1
31,"25",21207.2621149162,1
31,"26",7086.91230878915,0.8
31,"27",10462.6768578955,0.6
31,"28",31492.320550907,1
31,"29",11100.3075409556,1
31,"30",6624.48441571442,0.8
31,"31",16066.0297005159,1
31,"32",7586.25355855023,0.6
31,"33",15059.6910849577,0.8
31,"34",8094.2083579136,1
31,"35",10244.9405110916,0.8
31,"36",29222.096881699,1
31,"37",18373.5755258495,1
31,"38",16553.699532688,1
31,"39",10964.2906635568,0.6
31,"40",15800.9919292454,0.6
31,"41",5194.45877886608,0.6
31,"42",7790.55106888809,1
31,"43",18886.8946412181,1
31,"44",19063.1504583832,0.8
31,"45",8833.04441454799,1
31,"46",44400.3482946376,0.8
31,"47",38548.4698857733,1
31,"48",11472.5351892011,0.6
31,"49",20614.8959865942,1
31,"50",28399.3302608234,1
32,"1",12050.7100470636,0.8
32,"2",7720.47964340801,0.8
32,"3",26648.2017172604,0.8
32,"4",15336.2448709218,1
32,"5",14744.8376295426,0.8
32,"6",18028.981562707,1
32,"7",14625.6135064282,1
32,"8",10101.0743266468,0.8
32,"9",13891.5207359493,0.8
32,"10",20431.0487966947,0.8
32,"11",29042.1979773867,1
32,"12",8160.89607315585,0.6
32,"13",31647.4933438948,0.8
32,"14",4901.90025066065,0.6
32,"15",17065.0596894457,1
32,"16",26689.8254848126,0.8
32,"17",33137.1888092852,1
32,"18",2444.845040787,0.2
32,"19",8224.75099381949,0.8
32,"20",19755.7123514848,1
32,"21",13599.7127453997,1
32,"22",18693.1786311619,0.8
32,"23",4396.35810018618,0.8
32,"24",10510.1315680129,0.8
32,"25",12587.5563557475,0.8
32,"26",28348.5751872937,1
32,"27",21652.713958876,1
32,"28",18993.5881128644,0.8
32,"29",13013.5593474571,1
32,"30",35630.4080444598,0.8
32,"31",32419.1909430864,1
32,"32",31057.2467536217,1
32,"33",19128.6730548773,1
32,"34",27958.7674695046,1
32,"35",13419.5863476598,0.8
32,"36",19083.5214094043,0.8
32,"37",12450.7423022386,1
32,"38",15168.4788002433,1
32,"39",7182.36449439848,0.8
32,"40",20713.4230828898,0.8
32,"41",21248.3171428929,0.8
32,"42",11086.5614873014,1
32,"43",26063.5319921842,0.8
32,"44",18346.9474278809,0.8
32,"45",32855.3946772527,0.8
32,"46",30341.0724804499,0.8
32,"47",18830.7572828398,1
32,"48",9198.79887103478,0.8
32,"49",9006.72715083163,0.6
32,"50",25808.4363291961,1
33,"1",21927.454546902,0.6
33,"2",26850.6153267387,0.8
33,"3",16127.4659653467,1
33,"4",19723.0424445417,1
33,"5",31615.5858174729,0.8
33,"6",7713.80189554292,0.6
33,"7",8166.57254390767,0.8
33,"8",19622.3849845944,0.8
33,"9",30491.0442999911,1
33,"10",15077.1125256881,1
33,"11",28644.1869844955,0.8
33,"12",17954.2461253607,1
33,"13",12098.2276977485,0.8
33,"14",9874.68958023691,1
33,"15",11327.6833132938,1
33,"16",14669.6723463474,0.8
33,"17",34709.7562021229,0.8
33,"18",17518.3464255777,0.8
33,"19",24712.3134583069,1
33,"20",10921.2404350146,1
33,"21",27607.207077838,1
33,"22",9979.63270909841,1
33,"23",5741.51232389171,0.8
33,"24",22490.0321886903,0.8
33,"25",14277.939189454,0.8
33,"26",18824.8423777741,1
33,"27",22946.6760778025,1
33,"28",10482.9621654007,0.6
33,"29",36308.8877188331,1
33,"30",27396.6733091834,1
33,"31",15237.0921138959,1
33,"32",2995.76604921603,0.4
33,"33",20804.9241572331,1
33,"34",27571.2147460361,0.8
33,"35",14768.0822205577,0.8
33,"36",10832.4436934548,0.8
33,"37",36431.3996342218,1
33,"38",25747.3443808655,1
33,"39",2376.67050501118,0.6
33,"40",11993.1938898562,0.8
33,"41",13542.5196246584,1
33,"42",8244.32692543909,1
33,"43",24939.1450305259,1
33,"44",8964.58368774847,1
33,"45",11929.7821730527,1
33,"46",23217.3744806329,0.8
33,"47",29590.3193881609,1
33,"48",12018.3198827044,0.6
33,"49",17024.7649941698,1
33,"50",10405.4465950057,1
34,"1",29263.2978241014,0.8
34,"2",9249.69612552642,0.8
34,"3",9702.57657697296,1
34,"4",12187.8594693734,1
34,"5",16020.2093958029,1
34,"6",4730.38712623386,0.8
34,"7",6928.09488451378,0.6
34,"8",16947.2566045731,1
34,"9",7722.53838032185,1
34,"10",19922.574468402,0.8
34,"11",10986.3804868954,1
34,"12",21957.7565224052,1
34,"13",16882.0960681559,0.8
34,"14",15157.4859655002,1
34,"15",13566.4675934265,0.8
34,"16",4516.69492903882,0.6
34,"17",23967.6113429785,1
34,"18",18265.7952504518,1
34,"19",18159.3427816311,0.8
34,"20",36479.8516956952,1
34,"21",24375.0882455195,1
34,"22",55033.1690823921,1
34,"23",8892.00578926854,0.8
34,"24",11527.360237661,1
34,"25",29533.5798739622,1
34,"26",10980.8338074329,0.8
34,"27",16159.3352024182,1
34,"28",16502.6364607441,1
34,"29",27422.1604581427,1
34,"30",18388.7487565157,1
34,"31",18092.7878590546,1
34,"32",25937.1182349635,1
34,"33",24122.4766267762,0.8
34,"34",9813.9707355788,0.8
34,"35",22815.0768497119,0.6
34,"36",16014.1005748051,0.8
34,"37",22393.4876543341,1
34,"38",6051.83163272956,0.8
34,"39",11194.5656072538,0.8
34,"40",33032.3465682131,1
34,"41",14770.6869688888,0.8
34,"42",12781.6575503284,1
34,"43",6460.03600072527,1
34,"44",6540.63073479148,0.6
34,"45",24342.978873792,1
34,"46",11266.6608851595,0.8
34,"47",22246.0943910971,0.8
34,"48",5005.1989037048,0.6
34,"49",25319.6924171453,1
34,"50",12016.144018501,1
35,"1",11615.0981532253,0.8
35,"2",12665.8849561474,1
35,"3",7597.5001226528,1
35,"4",13738.6182495562,0.8
35,"5",11905.3861683583,1
35,"6",25136.5628768147,1
35,"7",19403.0416060978,1
35,"8",26756.4965033148,1
35,"9",17610.4786886985,1
35,"10",13619.4352160643,1
35,"11",19409.9601452929,0.8
35,"12",18036.5829392632,1
35,"13",3315.50169622796,0.4
35,"14",4688.79116136676,1
35,"15",12276.5941745374,1
35,"16",10619.6072821623,0.8
35,"17",10326.6731054822,1
35,"18",8023.29348786405,1
35,"19",8158.08422959783,0.8
35,"20",29815.4214682548,1
35,"21",27187.4726535454,1
35,"22",15296.3161370513,1
35,"23",7617.40820084275,0.8
35,"24",5758.09516304677,0.8
35,"25",18810.2167516214,1
35,"26",19524.3995127021,1
35,"27",9093.23315709896,1
35,"28",16355.1906053568,1
35,"29",30412.6635465774,1
35,"30",3886.20673438924,0.6
35,"31",31483.4024032024,0.8
35,"32",10233.6342156758,1
35,"33",24252.5241598812,1
35,"34",27324.3347499385,0.8
35,"35",20062.7031497461,0.6
35,"36",35308.5223706639,1
35,"37",12003.8626490729,1
35,"38",15447.7855574117,1
35,"39",15418.6250496417,0.8
35,"40",10960.9296766051,0.8
35,"41",29572.7041194708,0.8
35,"42",9852.0768183696,1
35,"43",37089.3430824986,1
35,"44",14411.4362283666,0.8
35,"45",17663.3547689785,1
35,"46",16796.1378676697,0.8
35,"47",38211.4432066783,1
35,"48",13638.8417927537,0.8
35,"49",5575.70172964706,0.6
35,"50",22040.7941634146,1
36,"1",23705.5373968106,1
36,"2",11862.1270889355,0.8
36,"3",21395.4791756791,1
36,"4",16766.0605756754,1
36,"5",10820.7313496973,1
36,"6",24596.5143595444,1
36,"7",9663.58713987361,0.8
36,"8",8329.49471315293,0.8
36,"9",4706.7259958202,1
36,"10",14415.8690253356,1
36,"11",5647.97418198829,0.6
36,"12",20493.3762245726,1
36,"13",18695.9094801667,0.6
36,"14",24061.8748155561,1
36,"15",10725.1923289845,1
36,"16",10987.8958460298,0.8
36,"17",11508.1290982162,0.8
36,"18",23398.5808764276,1
36,"19",41373.8910233666,1
36,"20",11995.9176257716,1
36,"21",14584.3235280963,0.8
36,"22",26328.9720237426,1
36,"23",15095.9639851795,1
36,"24",29402.1331040764,1
36,"25",9030.86740902754,0.8
36,"26",21057.6289126044,1
36,"27",38576.3204683774,1
36,"28",12806.7403061401,0.8
36,"29",15651.0343264104,0.8
36,"30",41092.3746471406,1
36,"31",24960.4703888409,1
36,"32",7951.64421976065,1
36,"33",17776.5015615911,1
36,"34",9123.13408975319,0.8
36,"35",31127.1981758896,0.6
36,"36",21808.7505340329,0.8
36,"37",12638.6560891396,0.8
36,"38",2667.24393486668,0.4
36,"39",16146.0109685684,0.8
36,"40",14363.5121084628,0.8
36,"41",19846.3516093164,1
36,"42",20915.4794717124,1
36,"43",32322.1678910569,1
36,"44",19958.278147862,1
36,"45",17578.3065664529,0.8
36,"46",7767.3539748932,0.8
36,"47",20091.0270674262,1
36,"48",11570.6230806197,0.6
36,"49",16019.6226406151,1
36,"50",10332.8755094523,1
37,"1",7942.39312790593,0.6
37,"2",18180.5427950309,1
37,"3",12354.9702443264,1
37,"4",10447.5115106474,1
37,"5",28432.8398829379,0.8
37,"6",16248.1018623918,1
37,"7",20886.1882276868,1
37,"8",5482.01042994172,1
37,"9",10308.0701297896,0.8
37,"10",10963.6832357906,1
37,"11",18702.9938458259,1
37,"12",5425.70245289663,0.6
37,"13",16643.3670036973,0.8
37,"14",15092.426021598,1
37,"15",40533.117608951,1
37,"16",7409.13356401423,0.6
37,"17",10968.4153810571,0.8
37,"18",18013.3579845504,1
37,"19",10815.6791320063,1
37,"20",18128.8897267732,1
37,"21",22708.908500584,1
37,"22",27211.3775714258,0.6
37,"23",9975.08087196245,1
37,"24",20891.6566168486,1
37,"25",21073.6896099239,0.8
37,"26",17056.2882765865,1
37,"27",36350.995518199,1
37,"28",16244.2432059975,1
37,"29",12645.0214538051,1
37,"30",20874.583835463,0.6
37,"31",12195.8550359594,0.8
37,"32",15997.4044785344,0.8
37,"33",8554.1321151653,0.8
37,"34",13283.3171874714,1
37,"35",8781.96848978805,0.8
37,"36",18680.9110696686,1
37,"37",26831.5434045648,1
37,"38",22141.6906380689,1
37,"39",13625.0674607962,0.8
37,"40",7643.96080722126,1
37,"41",21243.7014490111,0.8
37,"42",12465.12564776,1
37,"43",18880.3802752643,1
37,"44",8170.51803236257,1
37,"45",17917.3471909329,1
37,"46",22819.0996371163,1
37,"47",5767.49146201826,0.6
37,"48",16879.859345779,0.6
37,"49",21425.0233232032,1
37,"50",39953.174662231,1
38,"1",24509.0672055054,0.8
38,"2",10988.1306651165,1
38,"3",26410.3484987547,1
38,"4",12122.1721190936,1
38,"5",25020.5953401381,1
38,"6",19033.6676995809,1
38,"7",7978.15161220496,1
38,"8",9744.97123435143,1
38,"9",22508.4280750202,1
38,"10",33263.5418497087,1
38,"11",18055.5536068257,1
38,"12",39215.0910395076,1
38,"13",5947.30032052289,0.8
38,"14",12549.4782672818,1
38,"15",19030.3704181913,1
38,"16",5946.92503672112,0.8
38,"17",20342.7746567075,1
38,"18",27109.3283652066,1
38,"19",21846.9674694069,1
38,"20",17270.7521409534,0.8
38,"21",23463.6419585419,1
38,"22",5672.16513746934,0.8
38,"23",5684.39005345111,0.8
38,"24",8478.61732518783,0.8
38,"25",27742.5362462272,0.8
38,"26",17876.1152311606,1
38,"27",10195.1319219817,1
38,"28",21152.9445036043,1
38,"29",11540.2841302751,1
38,"30",6602.00408144542,0.4
38,"31",19508.5583497072,1
38,"32",14761.3123716479,1
38,"33",28301.1026753598,1
38,"34",32996.066847311,1
38,"35",9686.1616654853,0.8
38,"36",7258.39820568223,1
38,"37",23660.5956152936,1
38,"38",21089.5159530493,1
38,"39",11768.3779347894,0.8
38,"40",14705.7726371378,1
38,"41",13473.8943010448,1
38,"42",17505.8113433208,1
38,"43",7381.27296417965,0.8
38,"44",5357.44272298518,0.6
38,"45",13142.7491324508,1
38,"46",9895.04541882927,0.8
38,"47",14321.574949182,0.8
38,"48",12084.3335325463,0.8
38,"49",7577.44623893514,0.8
38,"50",22110.9243738508,0.6
39,"1",22205.7735088298,1
39,"2",6806.68466129847,1
39,"3",9446.28647657975,1
39,"4",6354.82619281423,1
39,"5",7971.60528973183,0.8
39,"6",18173.5193203493,0.8
39,"7",14814.4355482275,0.8
39,"8",20529.5127803121,1
39,"9",17607.8642136871,1
39,"10",16056.9547544141,1
39,"11",12379.6931695354,0.6
39,"12",32841.7423466889,1
39,"13",14690.2936515825,0.8
39,"14",15578.0747512772,1
39,"15",23629.9852535275,1
39,"16",24624.1900830799,1
39,"17",7534.55472893349,1
39,"18",16154.8886733549,1
39,"19",10201.489467424,0.8
39,"20",15726.9161543728,1
39,"21",13340.9162455038,1
39,"22",6538.06782253171,0.8
39,"23",26819.243442009,1
39,"24",8013.14885224537,1
39,"25",16577.9935844719,0.8
39,"26",8436.83375779369,0.6
39,"27",5551.67770528007,1
39,"28",22388.9466382262,0.8
39,"29",16743.8578130367,0.8
39,"30",12965.1928673546,1
39,"31",15996.2042864652,1
39,"32",35618.6963508517,0.8
39,"33",17388.5916539668,1
39,"34",12336.9322173751,0.8
39,"35",3178.58479569598,0.6
39,"36",6434.73648981266,0.8
39,"37",25808.4164574218,1
39,"38",13763.9880974966,1
39,"39",32713.6628876928,0.8
39,"40",18927.5501639584,0.8
39,"41",12778.5308165475,1
39,"42",14895.689085854,1
39,"43",19990.213380607,1
39,"44",29375.6057773009,0.8
39,"45",4055.72246129193,0.8
39,"46",20509.3166211298,0.8
39,"47",21851.8110286355,1
39,"48",18983.3225094851,0.8
39,"49",6644.7731108405,0.8
39,"50",18091.137652812,0.8
40,"1",14854.929460432,1
40,"2",24952.9048317762,1
40,"3",33526.9206873772,1
40,"4",19715.1784339423,1
40,"5",14121.5562000057,1
40,"6",3848.76702231671,0.6
40,"7",1891.52009629468,0.6
40,"8",9867.00161551871,1
40,"9",19776.0827505116,1
40,"10",13467.7513733726,1
40,"11",15009.418677812,0.6
40,"12",11304.8013122419,0.8
40,"13",24869.5129874414,0.8
40,"14",16517.72268414,0.8
40,"15",11198.4466395535,1
40,"16",16274.1106216101,0.8
40,"17",17142.1928712378,0.8
40,"18",7410.82128769149,0.8
40,"19",7911.28046647408,1
40,"20",26217.8078230684,1
40,"21",10421.5697078142,1
40,"22",20101.2010981725,1
40,"23",30858.0787469369,0.8
40,"24",16387.9180440715,1
40,"25",8247.59578464511,1
40,"26",14492.1755120015,1
40,"27",14561.2913235819,0.8
40,"28",22055.2583305338,1
40,"29",13070.0758158726,1
40,"30",30726.3053193799,1
40,"31",24095.9468337199,1
40,"32",7731.25786332535,0.8
40,"33",21454.0932772954,1
40,"34",22305.5281450744,1
40,"35",19073.8370053803,1
40,"36",29007.2427632027,1
40,"37",17611.2313220271,1
40,"38",26861.8282730204,1
40,"39",7808.64374069629,0.8
40,"40",9776.58779273241,1
40,"41",14472.9875461556,1
40,"42",5736.32466579283,0.4
40,"43",14045.1747727693,1
40,"44",34991.8454137976,1
40,"45",20165.4061621045,0.8
40,"46",23039.979019016,1
40,"47",19956.1210281645,1
40,"48",23593.8011269968,0.6
40,"49",9967.22886330298,1
40,"50",12899.4313552473,1
41,"1",15889.3223076306,0.8
41,"2",5561.5844208995,0.8
41,"3",5776.34367153389,0.6
41,"4",17116.1481836414,1
41,"5",27539.67051327,0.8
41,"6",11882.4311005363,1
41,"7",16798.8151342255,1
41,"8",24515.000859835,1
41,"9",5866.82973351509,0.8
41,"10",12874.6417636198,0.8
41,"11",14445.8765632559,1
41,"12",18263.369445088,0.8
41,"13",3467.35558347692,0.6
41,"14",17067.3892730165,1
41,"15",19514.8750296863,1
41,"16",5828.84099466349,0.8
41,"17",6010.69097738185,0.8
41,"18",17483.4940675618,0.6
41,"19",16960.4491926231,1
41,"20",13710.0028858247,1
41,"21",38908.6141652196,0.8
41,"22",11540.840320613,1
41,"23",5052.98693640819,0.4
41,"24",9794.93379926803,1
41,"25",19721.0269835977,1
41,"26",6097.62970919576,1
41,"27",21900.4378024182,1
41,"28",14220.2260209814,0.8
41,"29",14227.3128995563,1
41,"30",16789.0848409666,1
41,"31",2756.52377342902,0.6
41,"32",8932.80299121841,1
41,"33",9413.52685113289,1
41,"34",22510.3219588383,0.8
41,"35",15402.2730345186,1
41,"36",14908.7754426143,1
41,"37",35179.9159870912,1
41,"38",20806.0028540727,1
41,"39",9287.17358643814,0.8
41,"40",17413.6106251383,1
41,"41",16576.4206407381,1
41,"42",25895.7484269731,1
41,"43",12013.4445218915,1
41,"44",13239.8245572376,0.6
41,"45",18411.2324050791,1
41,"46",12209.5539235656,0.8
41,"47",19989.0603595784,1
41,"48",23620.0179258432,1
41,"49",7821.83864762377,1
41,"50",14514.9631008688,0.6
42,"1",20135.5979419303,0.8
42,"2",19271.1190249088,1
42,"3",42975.6386853506,1
42,"4",6285.11661258219,1
42,"5",11433.1961613791,0.8
42,"6",22542.1610981762,1
42,"7",10900.4010396849,1
42,"8",18730.3442327952,1
42,"9",16714.460111473,1
42,"10",12581.427226636,0.8
42,"11",15823.7698149874,1
42,"12",8322.45863387578,0.8
42,"13",8213.68402621979,0.8
42,"14",20734.1862908561,0.8
42,"15",13209.1078160498,0.8
42,"16",25722.3238289077,1
42,"17",5749.03677383989,0.8
42,"18",20306.067735388,1
42,"19",8737.61753147116,0.8
42,"20",16768.4317225726,1
42,"21",25197.9492705653,1
42,"22",16837.6786156557,1
42,"23",17097.2685566629,1
42,"24",6261.07178964767,0.6
42,"25",31852.2074172446,0.8
42,"26",40952.3927233006,1
42,"27",22463.3895798844,1
42,"28",6300.07431088261,0.6
42,"29",24388.565827875,1
42,"30",12194.9334018278,1
42,"31",18914.683691139,1
42,"32",7574.07755398978,0.8
42,"33",23429.8716596765,1
42,"34",16932.1987502401,0.8
42,"35",9858.11205869746,0.8
42,"36",23077.2952432822,1
42,"37",6945.17897301017,0.8
42,"38",11785.6824311712,0.8
42,"39",17247.8306163216,0.8
42,"40",12302.5289143828,1
42,"41",31480.5716918666,1
42,"42",10636.2734975139,0.8
42,"43",12691.479347434,1
42,"44",10167.8392888566,0.6
42,"45",14773.7450648079,1
42,"46",17172.1365115577,1
42,"47",21528.788628354,1
42,"48",26233.3327566233,0.8
42,"49",13739.0131252612,0.8
42,"50",17993.2170890888,1
43,"1",14308.8672458884,1
43,"2",41193.7058222089,1
43,"3",24297.5735518545,0.8
43,"4",13412.2744854564,1
43,"5",13011.0822721038,0.8
43,"6",8431.8763748594,0.8
43,"7",9206.83690803321,0.6
43,"8",10529.2469007936,1
43,"9",16248.7334427033,1
43,"10",27267.8842464191,1
43,"11",5399.01438284371,0.6
43,"12",12889.4550272094,1
43,"13",24128.5655568444,1
43,"14",8416.77078705977,0.8
43,"15",2228.62914782982,0.4
43,"16",13814.8766790423,0.8
43,"17",16649.4256935298,0.8
43,"18",13981.9460852161,0.8
43,"19",11738.155863299,1
43,"20",18801.2314889739,1
43,"21",8953.69576199935,1
43,"22",12563.9205045844,1
43,"23",8182.51744182893,0.8
43,"24",9294.02368546987,0.8
43,"25",10768.535042709,1
43,"26",9348.53294392418,0.8
43,"27",13442.7354274675,1
43,"28",14504.6470833502,0.8
43,"29",10106.9645842153,1
43,"30",9407.18716071602,0.8
43,"31",37736.7356544146,1
43,"32",7143.9037438036,1
43,"33",8530.88645307776,1
43,"34",20174.6081659634,1
43,"35",18615.5949836422,0.8
43,"36",7844.08907610546,1
43,"37",5841.15299030533,1
43,"38",32456.907764638,1
43,"39",9533.17781151585,0.8
43,"40",13168.8428306526,1
43,"41",26676.6897388918,1
43,"42",16094.9197646521,0.8
43,"43",19910.9630105087,1
43,"44",15375.0458650712,0.8
43,"45",10937.8802569034,0.8
43,"46",17596.0517339541,0.8
43,"47",7891.70976400305,1
43,"48",11460.7155973323,0.6
43,"49",10199.6644764172,0.8
43,"50",11044.7476556373,0.8
44,"1",17846.4484502887,0.8
44,"2",16251.4550642401,1
44,"3",8126.60391437033,0.6
44,"4",27285.1957158843,1
44,"5",14384.9283576205,0.8
44,"6",6829.32610536577,1
44,"7",20906.4905503335,0.8
44,"8",11826.4366696106,1
44,"9",11862.1248141625,1
44,"10",18484.4902704015,1
44,"11",20289.9774516131,1
44,"12",14094.3298045181,0.8
44,"13",3259.70951621723,0.6
44,"14",24514.4517921921,1
44,"15",20408.2440830556,1
44,"16",22021.5911626833,0.8
44,"17",9976.42272497654,0.6
44,"18",21963.8282141611,1
44,"19",28973.7572133017,1
44,"20",24458.3985101541,1
44,"21",3765.43667036422,0.6
44,"22",28459.4972871287,1
44,"23",11648.6929035703,0.8
44,"24",30399.9979049455,1
44,"25",7190.26691871195,1
44,"26",17727.479055228,1
44,"27",18275.6290543103,1
44,"28",10174.5617590835,0.8
44,"29",14906.6085102606,1
44,"30",10419.7004689548,0.8
44,"31",18639.091857363,1
44,"32",31248.9217034235,1
44,"33",16329.9145754929,1
44,"34",8434.15128588402,0.8
44,"35",24463.798892156,1
44,"36",8477.33665986005,1
44,"37",4438.09653602378,0.6
44,"38",19560.0969671513,1
44,"39",33262.1554832449,0.8
44,"40",20564.6350248749,1
44,"41",24820.537750192,1
44,"42",17357.5966021751,1
44,"43",28956.5175846637,1
44,"44",10884.5496167353,0.6
44,"45",26590.4374876691,0.8
44,"46",13550.5101326374,0.8
44,"47",19432.3120074182,1
44,"48",19393.8502776015,0.4
44,"49",25439.0218747105,1
44,"50",8419.44980135255,1
45,"1",17186.8756665309,0.8
45,"2",14272.0961320247,1
45,"3",11529.1618037642,1
45,"4",3730.91386926525,0.6
45,"5",7759.15799236872,0.6
45,"6",12911.5307969194,1
45,"7",28888.6224045492,1
45,"8",13561.1730978384,0.8
45,"9",5746.31076289386,1
45,"10",21930.8976025791,1
45,"11",14365.5589261054,1
45,"12",18475.4887789921,0.8
45,"13",23755.1678531745,0.8
45,"14",12823.7530918229,1
45,"15",25036.7551207746,1
45,"16",13959.8602436809,1
45,"17",21670.6443947955,1
45,"18",13714.0578922315,1
45,"19",13897.5831921077,1
45,"20",12533.5869690901,1
45,"21",18156.0811813565,1
45,"22",14214.7525380382,1
45,"23",12978.7136256807,0.8
45,"24",19977.6417653878,1
45,"25",8364.54099215439,0.6
45,"26",10765.900959045,0.8
45,"27",12834.8975783029,0.8
45,"28",13267.1761459235,0.8
45,"29",16612.9576162417,1
45,"30",5351.34427810472,0.6
45,"31",18723.4885486173,1
45,"32",4905.38455187244,0.4
45,"33",28912.1996327625,1
45,"34",12965.5158658461,0.8
45,"35",14728.5478853391,1
45,"36",27923.6610919893,1
45,"37",3991.95078150299,0.6
45,"38",15490.7568552122,1
45,"39",19618.5462909015,0.8
45,"40",9082.3566204573,0.8
45,"41",11019.856950798,0.8
45,"42",5176.51669678868,0.8
45,"43",14212.3731049241,0.8
45,"44",13771.7823059858,0.8
45,"45",11670.2582922313,1
45,"46",21450.4793646473,1
45,"47",15976.0505595032,1
45,"48",8786.42864525985,0.8
45,"49",17868.5505387203,0.6
45,"50",9771.22840707956,1
46,"1",22993.9324585886,1
46,"2",16054.147525424,1
46,"3",16349.3387553959,1
46,"4",25431.4734027054,1
46,"5",3788.65112774419,0.8
46,"6",19811.501055476,1
46,"7",8488.0429193988,1
46,"8",11421.2058078861,0.8
46,"9",19639.9972445224,1
46,"10",15339.8270474907,1
46,"11",17565.0582303377,0.6
46,"12",29692.0563435101,1
46,"13",41234.3728399672,1
46,"14",15409.3313603696,0.8
46,"15",3185.89302593491,0.4
46,"16",8354.99965099733,1
46,"17",14817.3877299081,1
46,"18",18469.3504643196,1
46,"19",12946.1775783064,1
46,"20",15340.9978533371,1
46,"21",28228.6884651864,1
46,"22",13205.0856479571,1
46,"23",8835.89924729836,0.6
46,"24",19693.1476172854,0.8
46,"25",23500.6206619919,1
46,"26",21637.3457333807,0.8
46,"27",19163.559640229,1
46,"28",10654.620693811,1
46,"29",22276.5631148611,1
46,"30",20494.8753489265,1
46,"31",4996.92533372402,0.8
46,"32",35864.5938593938,1
46,"33",27756.2340538527,1
46,"34",23545.5645631673,1
46,"35",11428.5766856082,0.6
46,"36",13027.5397949784,1
46,"37",18137.3707079745,1
46,"38",7297.46865944094,1
46,"39",18151.8202464316,0.8
46,"40",20697.539487227,1
46,"41",14370.0808062865,0.8
46,"42",7949.94241156708,0.6
46,"43",10245.9075474414,0.8
46,"44",13594.4466900294,1
46,"45",11870.3135628914,0.8
46,"46",24745.244298152,1
46,"47",11084.806927116,1
46,"48",11498.1852036562,0.8
46,"49",23011.2828993551,1
46,"50",12901.2773084982,1
47,"1",7425.04496932844,0.8
47,"2",13227.6747475963,0.8
47,"3",7455.05935152861,0.8
47,"4",19075.4262352178,0.8
47,"5",14337.6246590171,1
47,"6",15658.4170215742,1
47,"7",6343.54079825438,0.6
47,"8",23551.3779576343,1
47,"9",16147.2973557987,1
47,"10",6975.74040185628,0.8
47,"11",14980.5320224231,1
47,"12",7612.65673344324,1
47,"13",17893.3076052654,0.8
47,"14",7864.43927716364,0.8
47,"15",14459.4602765993,1
47,"16",10939.3885443671,0.6
47,"17",14841.0400334122,0.8
47,"18",5688.85667584753,0.6
47,"19",11212.1666189779,0.8
47,"20",15072.6418134133,1
47,"21",8605.09928152281,1
47,"22",21418.471201471,1
47,"23",10516.4449858382,1
47,"24",19968.4291882468,1
47,"25",28638.6422604382,1
47,"26",16254.4055598563,1
47,"27",18544.1645328471,1
47,"28",7689.07971580026,0.8
47,"29",14478.455845,1
47,"30",7346.6622610447,1
47,"31",11369.6015803629,1
47,"32",5377.6856773694,0.8
47,"33",19196.5960274441,1
47,"34",6327.91328337618,1
47,"35",15583.9915451602,1
47,"36",11313.0089041385,1
47,"37",26526.3631737443,1
47,"38",16769.7969957026,1
47,"39",15087.8556088522,0.8
47,"40",25051.7916125145,1
47,"41",15488.6205601359,1
47,"42",18243.9132328445,0.8
47,"43",14376.7551982152,1
47,"44",12051.7033445039,1
47,"45",8779.89403443575,1
47,"46",12327.0808655921,0.8
47,"47",23985.9671611243,1
47,"48",10126.4858956493,0.8
47,"49",22914.4484629169,1
47,"50",10526.546216294,1
48,"1",12517.9176850553,0.8
48,"2",10589.639843557,1
48,"3",10973.41056158,1
48,"4",3543.70523734191,0.6
48,"5",23323.8153730042,1
48,"6",12089.2502879016,1
48,"7",27708.0644669439,1
48,"8",13003.5205671858,1
48,"9",7435.53904049998,1
48,"10",23314.7923897056,1
48,"11",11671.185875212,1
48,"12",14064.662569153,1
48,"13",16691.040853792,0.8
48,"14",26825.8661072389,1
48,"15",12260.8160622863,1
48,"16",24654.304903731,1
48,"17",5992.94388328983,0.6
48,"18",23191.7467193775,1
48,"19",10620.7171335528,1
48,"20",25349.8224216145,1
48,"21",11354.2371142064,1
48,"22",37833.3538309234,1
48,"23",5684.00808489781,1
48,"24",6336.4954092904,0.6
48,"25",11289.6237882094,0.8
48,"26",5433.1726726274,0.6
48,"27",24951.848737521,1
48,"28",5593.6475179768,0.8
48,"29",26775.0985343164,1
48,"30",8305.62759504305,0.8
48,"31",15666.9324010296,1
48,"32",5307.89185002299,0.6
48,"33",14320.6751754987,1
48,"34",16501.1079869036,1
48,"35",25136.1136274666,1
48,"36",8233.56917838716,1
48,"37",13034.2992466642,0.8
48,"38",7739.17871662284,0.8
48,"39",16234.3222599257,0.8
48,"40",8705.19228735269,0.8
48,"41",32597.0551227124,1
48,"42",13703.7486809697,1
48,"43",16039.5532218446,1
48,"44",26493.9492879697,1
48,"45",9248.89679519328,1
48,"46",12209.703804208,0.8
48,"47",22265.8748026711,1
48,"48",6975.02195679283,1
48,"49",34665.5268339702,1
48,"50",14040.0564103511,1
49,"1",3405.02946181189,0.6
49,"2",20074.0320995711,1
49,"3",15505.2735329988,1
49,"4",13480.1810994948,1
49,"5",6616.39781601216,0.8
49,"6",14974.2887298619,1
49,"7",19022.4619477873,0.8
49,"8",16810.383114651,1
49,"9",13000.495377919,1
49,"10",2562.27533595922,0.4
49,"11",19533.0126922935,1
49,"12",9831.22393712153,0.8
49,"13",15464.6089297338,0.8
49,"14",6564.26202367286,0.6
49,"15",4011.839444678,0.6
49,"16",7661.99499055074,0.6
49,"17",5642.62878720284,0.8
49,"18",24919.0295784224,1
49,"19",11383.2667085459,1
49,"20",12765.5154186792,0.8
49,"21",13579.5830126195,0.6
49,"22",17216.6477011371,1
49,"23",15962.867957374,0.6
49,"24",33953.7561854173,0.8
49,"25",9930.05041002136,1
49,"26",9429.77337943536,0.6
49,"27",11020.5265623418,1
49,"28",31914.6007735608,0.8
49,"29",4586.11443939544,0.6
49,"30",25062.1196693646,1
49,"31",24871.4632439013,1
49,"32",23395.2522814966,0.8
49,"33",8708.91652619463,1
49,"34",19145.6337176104,1
49,"35",4645.45769562589,0.4
49,"36",9506.49827052944,1
49,"37",23810.8350366274,1
49,"38",6756.74751738429,0.8
49,"39",17412.2418236144,0.8
49,"40",15444.7087434951,1
49,"41",17411.6128530265,0.8
49,"42",13807.7470008398,0.8
49,"43",25386.1484514365,0.8
49,"44",15871.7177855945,1
49,"45",11802.6852782773,1
49,"46",20813.687378726,1
49,"47",5455.53460168782,1
49,"48",10444.8369196726,0.8
49,"49",20273.1982365587,1
49,"50",9553.12858872803,0.8
50,"1",6349.1224584095,0.8
50,"2",10916.6821698462,0.8
50,"3",8569.32858498361,1
50,"4",17540.9032457843,0.8
50,"5",12432.0669387558,1
50,"6",8427.47984929281,1
50,"7",8611.25203906636,0.8
50,"8",11470.933251046,1
50,"9",16675.7542391543,1
50,"10",8205.29583295279,1
50,"11",20254.8899162372,1
50,"12",18612.9717294945,0.8
50,"13",5207.46093342175,0.6
50,"14",15454.5023625805,0.8
50,"15",11089.6051687989,0.8
50,"16",14569.1489847966,0.8
50,"17",8639.66913374469,1
50,"18",12874.0291882315,1
50,"19",14313.6251029911,1
50,"20",23432.2628088365,1
50,"21",13279.0447364095,1
50,"22",17650.5833973783,1
50,"23",17488.4157506357,1
50,"24",23943.0995683927,0.8
50,"25",29559.6670229114,1
50,"26",24775.6024173264,1
50,"27",37534.1734290963,1
50,"28",49477.010073748,1
50,"29",28099.8034799158,1
50,"30",32447.0281068367,1
50,"31",20002.7372029265,1
50,"32",22405.4825731218,0.8
50,"33",13652.7564073761,1
50,"34",8036.94063320704,1
50,"35",27344.041578032,1
50,"36",19178.5953742746,1
50,"37",23397.837379516,0.8
50,"38",23579.9190426007,1
50,"39",15045.50105145,1
50,"40",7051.9164008378,1
50,"41",10493.8034558398,1
50,"42",10544.279403551,0.8
50,"43",7685.4684365151,0.8
50,"44",17590.3771385416,1
50,"45",10721.6650297887,1
50,"46",5310.86067124923,0.6
50,"47",25080.4694295729,1
50,"48",8907.18444489522,0.8
50,"49",9823.19286584408,1
50,"50",19671.9771965561,0.8
51,"1",17136.2499923486,0.8
51,"2",16853.8893569134,1
51,"3",5770.11150237958,0.8
51,"4",13049.7946823943,1
51,"5",14264.0885934242,0.8
51,"6",26237.7837213403,1
51,"7",16794.834848856,1
51,"8",18942.9560186545,1
51,"9",30332.5998194008,1
51,"10",11136.2858525021,1
51,"11",17299.5000184052,1
51,"12",10936.3905518139,0.8
51,"13",14394.4661770707,0.8
51,"14",17321.356188265,1
51,"15",17461.3726296895,1
51,"16",10963.6426658107,0.8
51,"17",10218.0541843225,0.8
51,"18",11194.9327643431,1
51,"19",10535.6452741446,1
51,"20",4702.52884714371,0.6
51,"21",13378.1228972564,0.8
51,"22",7490.37975034782,1
51,"23",37656.0986309638,0.8
51,"24",17456.4986687775,1
51,"25",7721.06526466734,1
51,"26",10430.7988044413,0.6
51,"27",8803.50536649039,1
51,"28",6026.055099004,0.6
51,"29",3244.87689141462,0.4
51,"30",9327.03763967885,0.6
51,"31",5918.3696436646,0.8
51,"32",10981.7934141206,1
51,"33",13490.320195989,0.8
51,"34",11687.8281587343,0.8
51,"35",9120.54621762438,0.6
51,"36",14073.7938879262,1
51,"37",18897.4358464237,0.6
51,"38",19447.4154421039,1
51,"39",26369.76110222,0.8
51,"40",25470.204439448,1
51,"41",16636.5963844805,1
51,"42",15105.9744206918,1
51,"43",20647.2874053511,1
51,"44",28109.7695801813,1
51,"45",11015.5858936178,1
51,"46",17966.1752357528,1
51,"47",14012.0814597686,1
51,"48",11819.9410402577,0.8
51,"49",10388.7139894088,0.8
51,"50",12451.45937611,1
52,"1",15884.9158156084,1
52,"2",7574.78388771599,1
52,"3",16759.1250103083,1
52,"4",48223.5008278301,1
52,"5",3187.22216614118,0.8
52,"6",26635.3018402993,0.8
52,"7",16809.4663579936,0.8
52,"8",8904.21518994219,0.6
52,"9",11909.5808606465,1
52,"10",3639.39567901426,0.6
52,"11",32706.8691860933,0.8
52,"12",12566.849832424,1
52,"13",1956.83317495215,0.2
52,"14",3217.42665981852,0.6
52,"15",18473.9030354402,1
52,"16",36672.641720974,1
52,"17",12399.4785533271,0.8
52,"18",16111.417940583,1
52,"19",9523.71928859355,1
52,"20",17604.030069439,1
52,"21",12269.8982116482,0.8
52,"22",4275.04084434204,0.6
52,"23",5459.18940316701,0.6
52,"24",9449.62950646573,0.6
52,"25",22113.9629642566,1
52,"26",24078.7152460909,0.8
52,"27",21115.8238226294,1
52,"28",14152.9981432289,1
52,"29",5062.32785299548,0.6
52,"30",10873.1031123118,0.8
52,"31",19881.8629688137,1
52,"32",6803.77710264773,0.8
52,"33",11302.1799560232,0.8
52,"34",13808.4263562763,1
52,"35",16651.1824077,0.8
52,"36",11760.7314101409,1
52,"37",17766.5380976379,0.8
52,"38",5718.20853572021,0.6
52,"39",14338.9539168045,0.8
52,"40",18132.687270895,0.8
52,"41",23221.0357176431,0.8
52,"42",9593.61492537653,0.8
52,"43",18766.5446934905,1
52,"44",19845.9614671999,1
52,"45",30017.4088163018,1
52,"46",23364.0094667274,1
52,"47",7439.4564518633,1
52,"48",16173.9821703327,1
52,"49",26055.3262865928,1
52,"50",12878.8365827177,1
53,"1",29310.8631490086,1
53,"2",9431.16830788809,1
53,"3",36390.4823301257,1
53,"4",14981.9777008704,0.8
53,"5",10850.8618968376,0.8
53,"6",11716.2363929646,1
53,"7",23794.9667235864,1
53,"8",21136.5205812215,1
53,"9",10002.0410950712,1
53,"10",2962.67984920873,0.6
53,"11",11586.1792670181,0.8
53,"12",3571.68735557662,0.4
53,"13",12454.4183574918,0.8
53,"14",14872.2577306117,1
53,"15",4999.2655399156,0.4
53,"16",19242.177362308,1
53,"17",18046.2327820632,1
53,"18",13584.1494301872,0.8
53,"19",11326.6749607221,0.8
53,"20",17132.1160881606,1
53,"21",16179.5931138575,1
53,"22",25196.1276811043,1
53,"23",13643.6208267315,1
53,"24",5019.31760339747,0.6
53,"25",6268.7791770786,1
53,"26",8840.13966992607,0.6
53,"27",9728.02188055484,1
53,"28",9358.38828317461,0.6
53,"29",16212.1599493322,1
53,"30",12329.1051226787,0.8
53,"31",7490.40614793339,0.4
53,"32",12592.5794799973,1
53,"33",14064.5023554206,1
53,"34",24872.7810013027,1
53,"35",17849.0987177619,0.6
53,"36",13260.4675370085,0.8
53,"37",15518.4245104206,0.8
53,"38",27431.1235955889,1
53,"39",17008.308334596,1
53,"40",11547.1934704657,0.8
53,"41",15349.9291115929,1
53,"42",13803.9545507942,0.8
53,"43",8494.07538331483,0.8
53,"44",17939.7517707823,1
53,"45",18717.7957478174,1
53,"46",3476.18580661447,0.4
53,"47",11709.3184440866,0.8
53,"48",19119.5316425114,1
53,"49",12115.2578408433,0.8
53,"50",17817.3053043826,0.8
54,"1",26227.6947997807,0.8
54,"2",10226.7572625354,1
54,"3",23905.4854063643,1
54,"4",20534.0491915118,1
54,"5",21522.6628401029,1
54,"6",10296.3606751039,0.8
54,"7",13142.6162310101,1
54,"8",15667.7313995195,1
54,"9",14102.7135847905,1
54,"10",36072.0256076613,1
54,"11",16335.6249235207,1
54,"12",10263.2968630706,1
54,"13",3659.9632789742,0.4
54,"14",19716.1600154431,1
54,"15",15218.1691677439,1
54,"16",11104.7605370424,0.8
54,"17",23197.5778072637,1
54,"18",39320.3034174369,1
54,"19",9044.45967327124,1
54,"20",16872.3938218612,1
54,"21",14792.7503217932,1
54,"22",5788.8889845389,1
54,"23",20011.7174632906,1
54,"24",11719.0964128984,1
54,"25",30772.2717263302,1
54,"26",14713.31021306,1
54,"27",19578.3663566554,1
54,"28",9840.72517799903,1
54,"29",9688.42439436065,0.6
54,"30",10748.5971012687,1
54,"31",16124.0633970474,1
54,"32",14705.7248684288,0.8
54,"33",13534.802422322,1
54,"34",3581.7421161084,0.4
54,"35",9423.85329758251,1
54,"36",12847.6402561738,1
54,"37",6164.0202052456,0.4
54,"38",25263.3222257375,1
54,"39",18320.434771143,0.6
54,"40",11309.3847233204,0.6
54,"41",17092.6175562552,0.8
54,"42",29697.123156126,1
54,"43",2156.25565725012,0.6
54,"44",13957.57531423,1
54,"45",15705.2413151052,0.8
54,"46",13182.5816480852,0.8
54,"47",9184.41326539954,1
54,"48",7194.12733925775,1
54,"49",20386.9081779323,1
54,"50",10219.8604737895,1
55,"1",11774.3683132015,1
55,"2",10214.5905493929,1
55,"3",6197.47070837396,0.8
55,"4",28177.9575866018,1
55,"5",4703.21621662789,0.6
55,"6",9173.21576235587,1
55,"7",6625.29843544736,0.8
55,"8",19362.7982225812,0.8
55,"9",15848.3711018996,0.8
55,"10",7712.70577330847,0.6
55,"11",23014.0420722132,0.8
55,"12",9663.04564184279,1
55,"13",3976.77616391669,0.8
55,"14",5006.83886883974,0.8
55,"15",10510.7817545448,0.8
55,"16",6372.88598524162,1
55,"17",13446.9950664229,1
55,"18",7723.74075719423,0.8
55,"19",6306.53650385814,1
55,"20",10429.9191329304,1
55,"21",2365.40969781579,0.4
55,"22",18739.9105525008,1
55,"23",21727.0730959678,0.8
55,"24",11134.7141898569,1
55,"25",10569.7444401105,1
55,"26",8322.19610086685,0.6
55,"27",23899.2110990195,1
55,"28",21283.1684658597,1
55,"29",6273.61618860443,0.8
55,"30",9036.17456285696,0.8
55,"31",26937.3206249929,1
55,"32",18305.4264144098,0.8
55,"33",9622.62095653413,0.8
55,"34",22893.6090610355,1
55,"35",9890.46195816458,0.6
55,"36",25372.6098326959,1
55,"37",15148.0203369117,0.8
55,"38",10204.1531500146,0.8
55,"39",22004.993858071,0.8
55,"40",8577.55793367449,0.6
55,"41",17192.5301580641,1
55,"42",19535.3713901516,1
55,"43",12403.622542788,1
55,"44",18359.0844539123,1
55,"45",20228.9172214934,1
55,"46",14770.0113953356,1
55,"47",6690.57199878153,0.8
55,"48",34450.8594981565,1
55,"49",21258.1771735325,1
55,"50",13568.8034109947,1
56,"1",21569.0216331243,1
56,"2",15739.0213382018,1
56,"3",14967.2247547587,1
56,"4",4915.13344648415,0.4
56,"5",11400.0627638986,0.8
56,"6",8974.64356289439,0.8
56,"7",5203.30188170587,0.8
56,"8",5647.74695460186,0.6
56,"9",23667.5819305002,1
56,"10",8943.86724766872,0.8
56,"11",19333.8661849493,1
56,"12",6487.26059669708,0.8
56,"13",5597.55753472809,1
56,"14",29235.0460446213,1
56,"15",4791.3061005423,1
56,"16",21933.9786733511,1
56,"17",15167.374986826,1
56,"18",10752.9627864432,0.8
56,"19",21025.4905922091,1
56,"20",5770.61746628206,0.8
56,"21",15907.6392538137,0.8
56,"22",16131.1211235534,1
56,"23",22019.4721373055,1
56,"24",8991.73197343755,0.8
56,"25",10661.9191134593,1
56,"26",9952.42530782146,1
56,"27",11945.1240037495,0.8
56,"28",3573.10417786766,0.6
56,"29",3464.73684934587,0.6
56,"30",15969.770557133,0.8
56,"31",3788.28500738348,0.4
56,"32",15807.6940155805,1
56,"33",7142.75364720922,1
56,"34",19617.6130402605,1
56,"35",3693.96209296416,0.8
56,"36",8865.70686271298,0.8
56,"37",12400.8739227745,1
56,"38",8442.60469666627,0.8
56,"39",13516.6085581211,1
56,"40",7138.28112363819,0.6
56,"41",18565.8586278841,1
56,"42",41588.7278914788,0.8
56,"43",10717.3136865767,0.8
56,"44",26451.1404202995,1
56,"45",8933.21435169578,0.8
56,"46",11691.1281536925,1
56,"47",12133.3886407292,1
56,"48",10859.7218539718,0.8
56,"49",12499.1590251881,0.8
56,"50",8353.17515177466,0.8
57,"1",16973.2418796823,0.8
57,"2",12454.9669826157,1
57,"3",5427.16824878071,1
57,"4",20603.2325926197,1
57,"5",14631.6887570454,1
57,"6",12862.8407688811,1
57,"7",3405.38498887478,0.4
57,"8",33467.6016912821,1
57,"9",7756.14356013289,0.8
57,"10",12789.1851499935,1
57,"11",18618.9723302395,1
57,"12",14722.1206859953,1
57,"13",14297.1019358516,1
57,"14",10380.2444121136,1
57,"15",17454.4545237517,1
57,"16",7054.05609353077,1
57,"17",20083.0243128361,1
57,"18",7698.53349859873,0.8
57,"19",19231.1810293793,1
57,"20",8288.92183814034,1
57,"21",14082.2944006779,1
57,"22",16761.7459522058,1
57,"23",7046.85409479015,0.8
57,"24",5600.3926163523,0.8
57,"25",6341.58210619139,0.8
57,"26",17395.5473784356,1
57,"27",6638.5202812426,0.8
57,"28",12649.0835485216,1
57,"29",13770.5333481033,1
57,"30",5776.10577735861,0.8
57,"31",2888.40155668494,0.4
57,"32",11139.2004163271,0.8
57,"33",21609.844119141,0.8
57,"34",6577.13545295683,1
57,"35",6305.50354849301,0.8
57,"36",4993.06412996749,0.8
57,"37",11743.4124139865,0.8
57,"38",22044.2523532036,1
57,"39",8732.53109022908,0.8
57,"40",7127.44342305706,0.8
57,"41",7588.33839596584,1
57,"42",21251.6721306481,1
57,"43",5200.19162073559,0.8
57,"44",22569.7786661292,1
57,"45",11263.9593495922,0.8
57,"46",2772.62670451051,0.6
57,"47",7338.36820528642,0.8
57,"48",25018.1852688208,0.8
57,"49",9653.6343126481,1
57,"50",10585.650192654,1
58,"1",11300.1455334244,0.8
58,"2",18447.5697784476,1
58,"3",5744.18237719509,0.8
58,"4",16720.5442930055,1
58,"5",10165.8186723501,1
58,"6",13937.2323820908,1
58,"7",13759.2650191034,1
58,"8",7680.58556556185,0.8
58,"9",17058.1596460454,1
58,"10",5910.16189454193,0.8
58,"11",22784.8771500579,1
58,"12",8785.81496415672,0.8
58,"13",9661.00101550157,1
58,"14",6846.10138250062,0.8
58,"15",5702.95907093969,0.8
58,"16",6297.2672348634,0.8
58,"17",12059.4836968053,1
58,"18",35311.7822633479,1
58,"19",16872.3838737142,1
58,"20",19353.8340128464,1
58,"21",9232.97493834807,0.6
58,"22",11861.8949347641,1
58,"23",42145.3861306897,1
58,"24",11318.628550158,1
58,"25",14700.38065646,1
58,"26",9214.50368874044,0.6
58,"27",16082.4047421515,1
58,"28",7333.01079866842,1
58,"29",5521.79302833467,0.6
58,"30",6309.478615565,1
58,"31",30455.7584983173,1
58,"32",16920.5096427013,1
58,"33",16263.9633087254,1
58,"34",27611.5839002399,1
58,"35",6927.65920014587,0.8
58,"36",19027.7452098386,1
58,"37",15413.8006822324,1
58,"38",9837.69692994346,1
58,"39",7966.99391590398,0.6
58,"40",7210.77513581434,1
58,"41",16004.1023071045,1
58,"42",15600.7382141966,1
58,"43",14339.9743017758,0.8
58,"44",5163.29706873269,0.8
58,"45",7477.63257042554,1
58,"46",22349.9689393112,1
58,"47",4707.85027667385,0.6
58,"48",6543.608318859,1
58,"49",15131.1354689125,1
58,"50",6701.75999844458,0.8
59,"1",27025.5169885911,1
59,"2",6143.82309223236,1
59,"3",3381.450157002,0.8
59,"4",16143.9339305538,1
59,"5",7720.00318838307,0.8
59,"6",17223.656737552,1
59,"7",6608.22106052524,0.8
59,"8",15858.0865075138,0.8
59,"9",19513.9213361949,1
59,"10",12949.0233621665,1
59,"11",5156.14390296902,0.6
59,"12",14810.1233368215,1
59,"13",3598.06104917781,0.6
59,"14",15333.0940981821,1
59,"15",5209.25429554257,0.8
59,"16",12558.4398941991,0.8
59,"17",8595.20813744588,1
59,"18",13197.2471034095,0.6
59,"19",8589.5372616518,0.6
59,"20",7988.68685825826,0.8
59,"21",8029.1127787133,0.6
59,"22",8594.90577784024,1
59,"23",30603.7999285406,1
59,"24",4536.19713089244,0.4
59,"25",9930.37338350034,1
59,"26",30846.8335263555,1
59,"27",10254.6375776224,1
59,"28",17866.9019318872,1
59,"29",4119.55013346017,1
59,"30",15370.5631500493,1
59,"31",4605.07563788848,0.6
59,"32",6015.61939373055,0.8
59,"33",13945.0981567955,1
59,"34",16236.7641174073,1
59,"35",11386.5352823744,0.8
59,"36",16453.7591335589,1
59,"37",23838.6230291069,1
59,"38",7061.20206551118,0.4
59,"39",12819.4896821466,1
59,"40",3827.68620389401,0.4
59,"41",15614.2901906327,1
59,"42",9390.1809203801,1
59,"43",9969.2025447348,1
59,"44",7874.01695350576,1
59,"45",9914.69492365277,1
59,"46",7966.2220778869,0.8
59,"47",10654.3921113761,1
59,"48",15858.4019075264,1
59,"49",8415.7263023183,1
59,"50",17726.3874128885,1
60,"1",18572.4025090129,1
60,"2",6533.96106535261,0.8
60,"3",14483.9993560689,1
60,"4",7240.27917823213,0.4
60,"5",26137.1527233397,1
60,"6",4901.59700989807,0.8
60,"7",6324.25272383459,0.4
60,"8",17391.1370854063,1
60,"9",16490.8012734038,0.8
60,"10",29448.365636139,1
60,"11",18913.5727915415,1
60,"12",12356.8554442325,0.8
60,"13",14604.2889135003,1
60,"14",20429.1971939148,1
60,"15",6632.75453121917,0.8
60,"16",5962.81990431013,1
60,"17",18703.4126413867,1
60,"18",15237.9595370135,0.8
60,"19",16527.5660669485,1
60,"20",12766.259345516,0.8
60,"21",9083.90718106501,0.8
60,"22",2971.46790338548,0.6
60,"23",31306.7842847446,1
60,"24",13788.156425469,0.8
60,"25",15390.7227715813,1
60,"26",10494.0875532333,0.8
60,"27",11231.9258887733,1
60,"28",12894.8839818995,1
60,"29",8115.91338264627,0.8
60,"30",15004.6544830485,1
60,"31",12771.6972099321,0.8
60,"32",20330.2150059161,1
60,"33",17732.8503428047,1
60,"34",17729.1407515648,1
60,"35",4641.09640727168,0.8
60,"36",7595.48525140729,1
60,"37",12163.8738643745,0.8
60,"38",18624.1960754549,1
60,"39",18004.8104902353,0.8
60,"40",14100.10364134,0.8
60,"41",6813.23612701744,0.8
60,"42",8767.28736893762,1
60,"43",7910.59154090973,0.4
60,"44",14025.4868495555,1
60,"45",28376.7016962064,0.8
60,"46",4470.66988305493,0.6
60,"47",8416.41686671756,1
60,"48",11798.0782743627,1
60,"49",13035.381367811,1
60,"50",18920.1681060619,1
61,"1",4237.5180798131,0.4
61,"2",30974.4696249568,1
61,"3",7591.54330494714,0.6
61,"4",12675.8865873368,1
61,"5",18336.3070850798,0.8
61,"6",5270.73701370063,0.6
61,"7",7691.40060937043,0.8
61,"8",14487.2088951627,1
61,"9",5040.57763185079,0.6
61,"10",4607.70861449544,0.8
61,"11",17908.7250767077,0.8
61,"12",10381.5099310947,1
61,"13",13247.0859487506,1
61,"14",6406.77910795967,1
61,"15",34574.9210363895,1
61,"16",20534.5158367037,0.8
61,"17",13034.3236576211,1
61,"18",20576.4235017611,1
61,"19",11815.9812533657,1
61,"20",15692.4478194661,1
61,"21",6679.40685777137,0.8
61,"22",14452.1257616242,1
61,"23",8309.42445529469,0.8
61,"24",8827.06664650533,0.8
61,"25",15595.2327667868,0.8
61,"26",24577.9617849745,1
61,"27",16012.4685336887,1
61,"28",6755.04065501773,1
61,"29",18423.7530178421,1
61,"30",9313.40379057608,1
61,"31",8683.04568524807,1
61,"32",4929.02647520822,1
61,"33",5326.49885739812,0.8
61,"34",13164.5228099641,1
61,"35",13380.7132699807,1
61,"36",6918.19991252989,1
61,"37",8358.1123048913,0.8
61,"38",10499.272567081,0.6
61,"39",10269.349762847,0.8
61,"40",8969.78199793181,1
61,"41",19507.0384628918,1
61,"42",28000.2445244808,1
61,"43",19008.1106517733,1
61,"44",8828.28375780724,1
61,"45",5871.85792334808,0.4
61,"46",9356.25834676732,1
61,"47",16583.5025833776,0.8
61,"48",2856.39647967042,0.4
61,"49",17754.9244914486,1
61,"50",3799.7612341203,0.2
62,"1",17434.9728782551,1
62,"2",5323.12551203751,1
62,"3",16712.0264596356,1
62,"4",12472.6647502402,0.8
62,"5",14265.5689040527,1
62,"6",7599.52667852905,0.8
62,"7",4724.45746174657,0.8
62,"8",7299.54704130801,1
62,"9",14006.0596855586,0.8
62,"10",23965.1229691794,1
62,"11",10718.4170663249,0.8
62,"12",11525.103650213,1
62,"13",10750.4157012338,0.8
62,"14",5894.31945962223,0.8
62,"15",13043.3838372856,0.8
62,"16",8416.13971452572,1
62,"17",16824.8154362523,1
62,"18",19806.4423084822,1
62,"19",16273.7994083692,1
62,"20",11815.0998928331,1
62,"21",10113.876662111,0.8
62,"22",3246.58285326767,0.6
62,"23",17095.2550781757,0.8
62,"24",9047.78208621104,0.4
62,"25",16710.8316435221,1
62,"26",6094.3786374529,0.6
62,"27",17004.1988042784,1
62,"28",28438.0246483558,1
62,"29",7150.75002778819,0.8
62,"30",14645.8436428512,1
62,"31",8151.83773315078,1
62,"32",8237.33142408131,1
62,"33",17681.1715038634,1
62,"34",13814.0281878313,1
62,"35",16576.8432128677,0.8
62,"36",20829.3808908446,1
62,"37",10788.8186303087,1
62,"38",16342.1346952779,0.8
62,"39",5914.20637267411,1
62,"40",6277.59933557768,1
62,"41",19495.482702588,0.8
62,"42",22069.3065859541,1
62,"43",4152.70644522399,0.6
62,"44",6632.46923176768,0.8
62,"45",20546.5644414116,1
62,"46",10445.3754645065,0.8
62,"47",16720.8318031702,1
62,"48",15520.1354774554,1
62,"49",6276.41081378131,0.8
62,"50",23851.1976742569,0.8
63,"1",15018.8873718363,0.8
63,"2",17249.8184737794,1
63,"3",6091.63869469893,0.8
63,"4",4383.14254818088,0.4
63,"5",11266.8421908032,1
63,"6",15193.5495947206,1
63,"7",7451.98793832469,0.8
63,"8",8161.76781585085,1
63,"9",19491.6168959348,1
63,"10",1742.55266547215,0.2
63,"11",10898.1336656114,1
63,"12",7952.17762940368,1
63,"13",16415.0470302,1
63,"14",9423.11846798423,1
63,"15",10155.6260852013,0.8
63,"16",2652.06335221942,0.4
63,"17",19396.1987417041,0.8
63,"18",4359.14238784499,1
63,"19",7455.9209785578,0.8
63,"20",4262.85150599945,0.8
63,"21",10187.2979777192,1
63,"22",5583.78015828147,0.6
63,"23",14137.2800959554,0.6
63,"24",9455.86702323122,0.6
63,"25",10850.0965161858,0.8
63,"26",7491.96914678378,1
63,"27",10328.8609748757,1
63,"28",11060.1982352091,0.8
63,"29",9627.52004496815,1
63,"30",9363.07669149396,0.6
63,"31",5519.49238700284,0.6
63,"32",12831.3353773741,0.6
63,"33",15609.8559519991,1
63,"34",10428.3391083337,0.6
63,"35",5234.95222175282,0.8
63,"36",9629.96198882711,1
63,"37",7329.26811054401,0.6
63,"38",22398.4968335234,1
63,"39",24045.8837886787,1
63,"40",8415.77298623377,0.8
63,"41",13854.084013934,0.8
63,"42",9338.74501336262,1
63,"43",15966.2211834784,1
63,"44",11965.7060135639,1
63,"45",13262.9429923389,0.8
63,"46",3794.75159834179,0.6
63,"47",26320.378691991,1
63,"48",21079.2579210227,1
63,"49",16154.8844524625,1
63,"50",25908.680645953,1
64,"1",8347.30821128843,0.8
64,"2",16705.2969586265,1
64,"3",8112.77989215327,0.8
64,"4",15495.1199489768,0.8
64,"5",10171.925939434,1
64,"6",6641.08496970106,1
64,"7",18568.6948515284,1
64,"8",10501.6912289002,1
64,"9",8939.31898423565,1
64,"10",11145.758815985,1
64,"11",19737.4843589675,1
64,"12",5913.40358750308,0.8
64,"13",12209.2779227312,1
64,"14",11877.0640644638,0.8
64,"15",5910.28814251543,0.6
64,"16",36954.54180082,1
64,"17",6627.55469644536,1
64,"18",3434.72742680399,0.4
64,"19",23481.8047252867,1
64,"20",21151.5614378738,1
64,"21",6655.28970093311,0.8
64,"22",7399.44414365521,0.6
64,"23",9260.11368015254,0.6
64,"24",8830.22891190582,0.8
64,"25",19853.3128716079,1
64,"26",4760.82178811726,0.8
64,"27",8394.46691354615,0.8
64,"28",18449.8708805691,1
64,"29",15437.3118243247,1
64,"30",20684.7100880304,1
64,"31",12706.997038708,1
64,"32",28690.6577795975,1
64,"33",17254.0872940432,1
64,"34",10397.8665229654,1
64,"35",14939.1678520279,1
64,"36",3639.27157886304,0.6
64,"37",3474.70771720632,0.6
64,"38",10386.7261166906,1
64,"39",29491.5467541505,0.8
64,"40",9836.60844509592,0.8
64,"41",10295.2206944421,1
64,"42",9486.20327806443,1
64,"43",24726.0170009712,1
64,"44",21459.5956072556,1
64,"45",8098.73141017943,0.8
64,"46",12245.656611948,0.8
64,"47",12443.0530599236,1
64,"48",9014.4478127518,1
64,"49",17867.1618915109,1
64,"50",7204.35226594224,0.4
65,"1",5628.35580328412,0.8
65,"2",6623.46014985593,1
65,"3",5790.1749263844,1
65,"4",11809.6495002325,1
65,"5",28595.3252028038,1
65,"6",7084.04354093807,0.8
65,"7",7577.49664996633,1
65,"8",7399.29225596928,1
65,"9",10672.6515946324,1
65,"10",27602.00787575,1
65,"11",22146.9654819893,1
65,"12",7912.72248569147,1
65,"13",18197.7023566369,1
65,"14",13205.6962544761,1
65,"15",12888.4430930114,1
65,"16",15750.9851117927,0.8
65,"17",9905.9675782693,0.8
65,"18",13245.9488888104,1
65,"19",3521.50255480449,0.6
65,"20",32627.6518247391,1
65,"21",15769.9242273221,1
65,"22",3627.16178756222,0.6
65,"23",15484.0206414407,0.8
65,"24",1929.73367617803,0.4
65,"25",13687.8899518943,0.8
65,"26",22163.1075847046,1
65,"27",4083.06099982052,0.8
65,"28",11136.4149987122,1
65,"29",8505.33948878975,1
65,"30",3876.49832904889,0.2
65,"31",20515.551165107,1
65,"32",12339.3522470458,1
65,"33",5929.2432282775,1
65,"34",4679.27103169385,1
65,"35",5073.51496583237,0.6
65,"36",17415.9797810906,1
65,"37",17769.1739541564,1
65,"38",3647.23226493307,0.6
65,"39",24837.4036896629,1
65,"40",10781.0941548805,1
65,"41",16982.3953321355,0.6
65,"42",18743.7327999625,1
65,"43",7536.9545909487,1
65,"44",10559.5088273549,0.8
65,"45",9661.00401886474,0.8
65,"46",11708.63853572,1
65,"47",17406.507001825,0.8
65,"48",15644.8207232492,1
65,"49",15029.6263693321,0.8
65,"50",2640.72607886153,0.2
66,"1",17612.1675597058,1
66,"2",8189.24737131793,1
66,"3",8940.38048935066,1
66,"4",7852.55232995703,0.8
66,"5",14074.6953438747,1
66,"6",3645.9189442947,0.4
66,"7",9012.21466303501,0.8
66,"8",12989.0246202889,1
66,"9",5809.00527042318,1
66,"10",11634.4390432636,0.8
66,"11",10151.2073376351,1
66,"12",10736.4498803577,1
66,"13",34046.1956363745,1
66,"14",23918.8486259996,1
66,"15",6341.88226615985,0.8
66,"16",4441.87768599577,0.2
66,"17",17296.2378680518,0.8
66,"18",14501.0264704357,1
66,"19",5823.36091931338,0.8
66,"20",8883.98802672503,0.8
66,"21",15014.9292947434,1
66,"22",11075.3705832149,0.8
66,"23",10508.3141119538,0.6
66,"24",9279.46072301995,1
66,"25",15127.9563467592,1
66,"26",9306.47374926277,0.8
66,"27",34011.6261133478,1
66,"28",6581.37103656305,0.8
66,"29",17288.0144258287,1
66,"30",5953.95080298911,0.8
66,"31",10759.401355436,0.8
66,"32",4575.66581983398,0.8
66,"33",17662.9029054961,1
66,"34",15204.8109193513,0.8
66,"35",28252.0979149615,1
66,"36",16136.2852497382,1
66,"37",15103.209720186,1
66,"38",2885.1312637522,0.8
66,"39",24174.6637777356,1
66,"40",5042.33311719046,1
66,"41",10807.1687262465,0.8
66,"42",8546.42637573336,1
66,"43",3716.66166349631,0.8
66,"44",7241.06325520326,0.8
66,"45",7211.40251107851,1
66,"46",13361.0475743238,0.8
66,"47",8318.18419023294,1
66,"48",4072.63851523954,0.6
66,"49",6218.22629648908,0.8
66,"50",18993.6330333985,0.8
67,"1",8756.71082381004,0.8
67,"2",9253.19757936988,1
67,"3",16122.9942280801,1
67,"4",13297.5464404755,1
67,"5",8332.01480293449,1
67,"6",16253.9413332355,1
67,"7",8227.11339368228,1
67,"8",6924.1806402408,0.8
67,"9",20865.487588354,1
67,"10",14610.3091469118,1
67,"11",16421.4574176533,1
67,"12",4710.06604572593,0.8
67,"13",5435.87486090416,0.8
67,"14",7111.89304578674,0.8
67,"15",1887.24847291129,0.4
67,"16",6708.46914917993,1
67,"17",10974.7204311082,0.8
67,"18",8346.1650072303,0.6
67,"19",6906.38231935806,0.8
67,"20",3764.31552447957,0.4
67,"21",5305.94941754073,0.8
67,"22",3486.31378512358,0.8
67,"23",17623.0957777473,0.8
67,"24",9323.87975475796,0.8
67,"25",6854.74950001361,0.8
67,"26",16847.9283155861,1
67,"27",8390.84189170607,0.8
67,"28",7985.45451419256,0.8
67,"29",10127.7391635349,1
67,"30",13393.1700981994,0.8
67,"31",11118.315529463,0.8
67,"32",18523.4183128645,0.8
67,"33",16322.8664580127,1
67,"34",18640.2054151055,0.8
67,"35",10789.9297881975,0.6
67,"36",6892.22025918869,0.6
67,"37",10528.1334185593,0.6
67,"38",11488.1417214565,1
67,"39",4223.95371175559,0.6
67,"40",16418.4501260563,0.8
67,"41",9308.52394624824,0.8
67,"42",17040.6453323767,1
67,"43",19549.4658961269,1
67,"44",33291.9337540229,1
67,"45",6041.00614865187,0.8
67,"46",21239.5036556369,1
67,"47",22850.4006102541,1
67,"48",11971.6628274955,1
67,"49",6330.51104130509,1
67,"50",14899.2538146962,0.6
